文章標題,作者,文章日期,文章連結,喜好程度,留言者,留言內容,留言時間
Fw: [公告] 請留意新註冊帳號使用信件詐騙,ubcs,11/02,https://www.ptt.cc/bbs/Gossiping/M.1730554547.A.41C.html,推,HCYPMGO,推,11/02 21:36
Fw: [公告] 請留意新註冊帳號使用信件詐騙,ubcs,11/02,https://www.ptt.cc/bbs/Gossiping/M.1730554547.A.41C.html,推,LYS5566,老人才回被騙,11/02 21:36
Fw: [公告] 請留意新註冊帳號使用信件詐騙,ubcs,11/02,https://www.ptt.cc/bbs/Gossiping/M.1730554547.A.41C.html,推,dan5120,$$,11/02 21:37
Fw: [公告] 請留意新註冊帳號使用信件詐騙,ubcs,11/02,https://www.ptt.cc/bbs/Gossiping/M.1730554547.A.41C.html,推,k385476916,錢,11/02 21:37
Fw: [公告] 請留意新註冊帳號使用信件詐騙,ubcs,11/02,https://www.ptt.cc/bbs/Gossiping/M.1730554547.A.41C.html,→,QEMU,年輕人也會被騙,11/02 21:37
Fw: [公告] 請留意新註冊帳號使用信件詐騙,ubcs,11/02,https://www.ptt.cc/bbs/Gossiping/M.1730554547.A.41C.html,推,empennage,21:37,11/02 21:37
Fw: [公告] 請留意新註冊帳號使用信件詐騙,ubcs,11/02,https://www.ptt.cc/bbs/Gossiping/M.1730554547.A.41C.html,→,SRNOB,21:38  Faker拿下第一場,11/02 21:38
Fw: [公告] 請留意新註冊帳號使用信件詐騙,ubcs,11/02,https://www.ptt.cc/bbs/Gossiping/M.1730554547.A.41C.html,推,zephyr105,07,11/02 21:38
Fw: [公告] 請留意新註冊帳號使用信件詐騙,ubcs,11/02,https://www.ptt.cc/bbs/Gossiping/M.1730554547.A.41C.html,推,headcase,3min,11/02 21:38
Fw: [公告] 請留意新註冊帳號使用信件詐騙,ubcs,11/02,https://www.ptt.cc/bbs/Gossiping/M.1730554547.A.41C.html,推,henokoi,喔,11/02 21:39
Fw: [公告] 請留意新註冊帳號使用信件詐騙,ubcs,11/02,https://www.ptt.cc/bbs/Gossiping/M.1730554547.A.41C.html,推,ianlin1216,2139看到 錢,11/02 21:39
Fw: [公告] 請留意新註冊帳號使用信件詐騙,ubcs,11/02,https://www.ptt.cc/bbs/Gossiping/M.1730554547.A.41C.html,推,a91031309,21:40,11/02 21:40
Fw: [公告] 請留意新註冊帳號使用信件詐騙,ubcs,11/02,https://www.ptt.cc/bbs/Gossiping/M.1730554547.A.41C.html,推,joe460830,錢錢,11/02 21:40
Fw: [公告] 請留意新註冊帳號使用信件詐騙,ubcs,11/02,https://www.ptt.cc/bbs/Gossiping/M.1730554547.A.41C.html,推,chiastsai,推,11/02 21:42
Fw: [公告] 請留意新註冊帳號使用信件詐騙,ubcs,11/02,https://www.ptt.cc/bbs/Gossiping/M.1730554547.A.41C.html,推,Or3,21:42,11/02 21:42
Fw: [公告] 請留意新註冊帳號使用信件詐騙,ubcs,11/02,https://www.ptt.cc/bbs/Gossiping/M.1730554547.A.41C.html,→,chiastsai,7mins,11/02 21:42
Fw: [公告] 請留意新註冊帳號使用信件詐騙,ubcs,11/02,https://www.ptt.cc/bbs/Gossiping/M.1730554547.A.41C.html,→,august3136,7min 推,11/02 21:42
Fw: [公告] 請留意新註冊帳號使用信件詐騙,ubcs,11/02,https://www.ptt.cc/bbs/Gossiping/M.1730554547.A.41C.html,推,gy00015,foo,11/02 21:43
Fw: [公告] 請留意新註冊帳號使用信件詐騙,ubcs,11/02,https://www.ptt.cc/bbs/Gossiping/M.1730554547.A.41C.html,→,toplvgirl,好,11/02 21:44
Fw: [公告] 請留意新註冊帳號使用信件詐騙,ubcs,11/02,https://www.ptt.cc/bbs/Gossiping/M.1730554547.A.41C.html,推,Himiko9975,09:44,11/02 21:45
Fw: [公告] 請留意新註冊帳號使用信件詐騙,ubcs,11/02,https://www.ptt.cc/bbs/Gossiping/M.1730554547.A.41C.html,推,emperor,ok,11/02 21:45
Fw: [公告] 請留意新註冊帳號使用信件詐騙,ubcs,11/02,https://www.ptt.cc/bbs/Gossiping/M.1730554547.A.41C.html,推,laybear,好ㄛ$$$3秒鐘啦,11/02 21:46
Fw: [公告] 請留意新註冊帳號使用信件詐騙,ubcs,11/02,https://www.ptt.cc/bbs/Gossiping/M.1730554547.A.41C.html,推,key7110,辛苦了 11m,11/02 21:46
Fw: [公告] 請留意新註冊帳號使用信件詐騙,ubcs,11/02,https://www.ptt.cc/bbs/Gossiping/M.1730554547.A.41C.html,推,linda17a3,錢,11/02 21:47
Fw: [公告] 請留意新註冊帳號使用信件詐騙,ubcs,11/02,https://www.ptt.cc/bbs/Gossiping/M.1730554547.A.41C.html,推,b77889999,好,11/02 22:08
Fw: [公告] 請留意新註冊帳號使用信件詐騙,ubcs,11/02,https://www.ptt.cc/bbs/Gossiping/M.1730554547.A.41C.html,推,sodistrues,推,11/02 22:30
Fw: [公告] 請留意新註冊帳號使用信件詐騙,ubcs,11/02,https://www.ptt.cc/bbs/Gossiping/M.1730554547.A.41C.html,推,abcrr123,錢,11/02 22:35
Fw: [公告] 請留意新註冊帳號使用信件詐騙,ubcs,11/02,https://www.ptt.cc/bbs/Gossiping/M.1730554547.A.41C.html,推,gilbertchen8,推,11/03 14:02
Fw: [公告] 請留意新註冊帳號使用信件詐騙,ubcs,11/02,https://www.ptt.cc/bbs/Gossiping/M.1730554547.A.41C.html,推,xyhs,1D16H,11/04 13:26
Fw: [公告] 請留意新註冊帳號使用信件詐騙,ubcs,11/02,https://www.ptt.cc/bbs/Gossiping/M.1730554547.A.41C.html,噓,axsd,你吸廢氣舒服嗎,11/04 17:37
Fw: [公告] 請留意新註冊帳號使用信件詐騙,ubcs,11/02,https://www.ptt.cc/bbs/Gossiping/M.1730554547.A.41C.html,推,wc660508,錢,11/04 17:52
Fw: [公告] 請留意新註冊帳號使用信件詐騙,ubcs,11/02,https://www.ptt.cc/bbs/Gossiping/M.1730554547.A.41C.html,推,marklai,凡是要加LINE的都要懷疑,11/05 02:25
Fw: [公告] 請留意新註冊帳號使用信件詐騙,ubcs,11/02,https://www.ptt.cc/bbs/Gossiping/M.1730554547.A.41C.html,推,fur,錢錢錢,11/05 09:38
Fw: [公告] 請留意新註冊帳號使用信件詐騙,ubcs,11/02,https://www.ptt.cc/bbs/Gossiping/M.1730554547.A.41C.html,噓,peanutboy,小噓，大推！,11/06 07:20
Fw: [公告] 請留意新註冊帳號使用信件詐騙,ubcs,11/02,https://www.ptt.cc/bbs/Gossiping/M.1730554547.A.41C.html,噓,highyes,菜逼巴  旁邊蹲啦 = =@,11/10 10:43
Fw: [公告] 請留意新註冊帳號使用信件詐騙,ubcs,11/02,https://www.ptt.cc/bbs/Gossiping/M.1730554547.A.41C.html,推,wc660508,還有沒有發錢錢？,11/12 12:33
Fw: [公告] 請留意新註冊帳號使用信件詐騙,ubcs,11/02,https://www.ptt.cc/bbs/Gossiping/M.1730554547.A.41C.html,推,celtics1997,收到感謝,11/16 09:18
Fw: [公告] 請留意新註冊帳號使用信件詐騙,ubcs,11/02,https://www.ptt.cc/bbs/Gossiping/M.1730554547.A.41C.html,推,wc660508,推,11/16 19:12
Fw: [公告] 請留意新註冊帳號使用信件詐騙,ubcs,11/02,https://www.ptt.cc/bbs/Gossiping/M.1730554547.A.41C.html,推,blessme,錢,11/20 18:38
Fw: [公告] 請留意新註冊帳號使用信件詐騙,ubcs,11/02,https://www.ptt.cc/bbs/Gossiping/M.1730554547.A.41C.html,→,fony1029,說幹話，然後翻車了就說我就不能講錯一,11/29 11:10
Fw: [公告] 請留意新註冊帳號使用信件詐騙,ubcs,11/02,https://www.ptt.cc/bbs/Gossiping/M.1730554547.A.41C.html,→,fony1029,句？不能嘴砲一下嗎？,11/29 11:10
Fw: [公告] 請留意新註冊帳號使用信件詐騙,ubcs,11/02,https://www.ptt.cc/bbs/Gossiping/M.1730554547.A.41C.html,→,marc47,容易誤判，不建議刪文,12/02 19:09
Fw: [公告] 請留意新註冊帳號使用信件詐騙,ubcs,11/02,https://www.ptt.cc/bbs/Gossiping/M.1730554547.A.41C.html,推,davide68,請給我黃金,12/02 22:51
Fw: [公告] 請留意新註冊帳號使用信件詐騙,ubcs,11/02,https://www.ptt.cc/bbs/Gossiping/M.1730554547.A.41C.html,噓,ThisisLongID,政治人物的花邊問卦要不要開放?,12/04 15:29
Fw: [公告] 請留意新註冊帳號使用信件詐騙,ubcs,11/02,https://www.ptt.cc/bbs/Gossiping/M.1730554547.A.41C.html,噓,jackycheny,垃圾民進党,12/08 00:52
Fw: [公告] 請留意新註冊帳號使用信件詐騙,ubcs,11/02,https://www.ptt.cc/bbs/Gossiping/M.1730554547.A.41C.html,推,fur,錢錢錢,12/13 17:18
Fw: [公告] 請留意新註冊帳號使用信件詐騙,ubcs,11/02,https://www.ptt.cc/bbs/Gossiping/M.1730554547.A.41C.html,→,teras,全去吃屎吧！！！！！！,12/17 00:50
Fw: [公告] 請留意新註冊帳號使用信件詐騙,ubcs,11/02,https://www.ptt.cc/bbs/Gossiping/M.1730554547.A.41C.html,噓,honlan,党的狗開始要抹黃了嗎 加油好嗎,12/31 09:45
Fw: [公告] 請留意新註冊帳號使用信件詐騙,ubcs,11/02,https://www.ptt.cc/bbs/Gossiping/M.1730554547.A.41C.html,推,Apple0230,哼,12/31 23:53
Fw: [公告] 請留意新註冊帳號使用信件詐騙,ubcs,11/02,https://www.ptt.cc/bbs/Gossiping/M.1730554547.A.41C.html,推,JRSmith,快樂寶拉,01/05 11:21
Fw: [公告] 請留意新註冊帳號使用信件詐騙,ubcs,11/02,https://www.ptt.cc/bbs/Gossiping/M.1730554547.A.41C.html,推,newqazwsx,佛,01/05 12:50
Fw: [公告] 請留意新註冊帳號使用信件詐騙,ubcs,11/02,https://www.ptt.cc/bbs/Gossiping/M.1730554547.A.41C.html,推,sst610505,好的,01/05 14:35
Fw: [公告] 請留意新註冊帳號使用信件詐騙,ubcs,11/02,https://www.ptt.cc/bbs/Gossiping/M.1730554547.A.41C.html,→,sst610505,我是每天看,01/05 14:35
Fw: [公告] 請留意新註冊帳號使用信件詐騙,ubcs,11/02,https://www.ptt.cc/bbs/Gossiping/M.1730554547.A.41C.html,→,sst610505,有好的文章，才留言,01/05 14:36
Fw: [公告] 請留意新註冊帳號使用信件詐騙,ubcs,11/02,https://www.ptt.cc/bbs/Gossiping/M.1730554547.A.41C.html,噓,Z727808260,沒錢推小三？,01/05 16:03
Fw: [公告] 請留意新註冊帳號使用信件詐騙,ubcs,11/02,https://www.ptt.cc/bbs/Gossiping/M.1730554547.A.41C.html,→,justice2008,漲滿 就是乾脆收一收不做了,01/05 22:18
Fw: [公告] 請留意新註冊帳號使用信件詐騙,ubcs,11/02,https://www.ptt.cc/bbs/Gossiping/M.1730554547.A.41C.html,→,moai513,#公保柳丁 錢,01/07 13:27
Fw: [公告] 請留意新註冊帳號使用信件詐騙,ubcs,11/02,https://www.ptt.cc/bbs/Gossiping/M.1730554547.A.41C.html,推,AprilNH4,100,01/07 19:05
Fw: [公告] 請留意新註冊帳號使用信件詐騙,ubcs,11/02,https://www.ptt.cc/bbs/Gossiping/M.1730554547.A.41C.html,→,August2006,等開投票功能權限,01/08 07:25
Fw: [公告] 請留意新註冊帳號使用信件詐騙,ubcs,11/02,https://www.ptt.cc/bbs/Gossiping/M.1730554547.A.41C.html,→,ubcs,政治族群就會抓那篇水桶，接續政治族群回文,01/09 10:03
Fw: [公告] 請留意新註冊帳號使用信件詐騙,ubcs,11/02,https://www.ptt.cc/bbs/Gossiping/M.1730554547.A.41C.html,→,ubcs,的皆刪除,01/09 10:03
Fw: [公告] 請留意新註冊帳號使用信件詐騙,ubcs,11/02,https://www.ptt.cc/bbs/Gossiping/M.1730554547.A.41C.html,噓,TISH12311,沒有政治 八卦乃至於ptt 可以廢惹,01/12 09:15
Fw: [公告] 請留意新註冊帳號使用信件詐騙,ubcs,11/02,https://www.ptt.cc/bbs/Gossiping/M.1730554547.A.41C.html,推,badbadook,https://i.imgur.com/0HYIttt.jpeg,01/12 20:51
Fw: [公告] 請留意新註冊帳號使用信件詐騙,ubcs,11/02,https://www.ptt.cc/bbs/Gossiping/M.1730554547.A.41C.html,推,ken218,感謝，好幾天後,01/12 23:44
Fw: [公告] 請留意新註冊帳號使用信件詐騙,ubcs,11/02,https://www.ptt.cc/bbs/Gossiping/M.1730554547.A.41C.html,推,lattecake,好險我夠久,01/17 22:06
Fw: [公告] 請留意新註冊帳號使用信件詐騙,ubcs,11/02,https://www.ptt.cc/bbs/Gossiping/M.1730554547.A.41C.html,噓,ladioshuang,從中國考察回來的還會被黑熊說是通匪,01/18 20:33
Fw: [公告] 請留意新註冊帳號使用信件詐騙,ubcs,11/02,https://www.ptt.cc/bbs/Gossiping/M.1730554547.A.41C.html,推,bluelovered,38D,01/19 05:11
Fw: [公告] 請留意新註冊帳號使用信件詐騙,ubcs,11/02,https://www.ptt.cc/bbs/Gossiping/M.1730554547.A.41C.html,推,hwei9582905,錢,01/19 07:07
Fw: [公告] 請留意新註冊帳號使用信件詐騙,ubcs,11/02,https://www.ptt.cc/bbs/Gossiping/M.1730554547.A.41C.html,推,kkk4203,這個單位應該全砍了！不知道藏了多少綠,01/19 08:47
Fw: [公告] 請留意新註冊帳號使用信件詐騙,ubcs,11/02,https://www.ptt.cc/bbs/Gossiping/M.1730554547.A.41C.html,→,kkk4203,色加權！還不知羞恥的查無不法！,01/19 08:47
Fw: [公告] 請留意新註冊帳號使用信件詐騙,ubcs,11/02,https://www.ptt.cc/bbs/Gossiping/M.1730554547.A.41C.html,推,propfol,1,01/19 09:05
Fw: [公告] 請留意新註冊帳號使用信件詐騙,ubcs,11/02,https://www.ptt.cc/bbs/Gossiping/M.1730554547.A.41C.html,推,sun88756,好的,01/19 09:29
Fw: [公告] 請留意新註冊帳號使用信件詐騙,ubcs,11/02,https://www.ptt.cc/bbs/Gossiping/M.1730554547.A.41C.html,推,wensday,記錯了 真的是有錢人,01/19 11:43
Fw: [公告] 請留意新註冊帳號使用信件詐騙,ubcs,11/02,https://www.ptt.cc/bbs/Gossiping/M.1730554547.A.41C.html,推,hd2368,喔,01/19 13:23
Fw: [公告] 請留意新註冊帳號使用信件詐騙,ubcs,11/02,https://www.ptt.cc/bbs/Gossiping/M.1730554547.A.41C.html,→,Forcast,分類尬此,01/19 16:22
Fw: [公告] 請留意新註冊帳號使用信件詐騙,ubcs,11/02,https://www.ptt.cc/bbs/Gossiping/M.1730554547.A.41C.html,推,trkotaco,好文推一下,01/19 21:26
Fw: [公告] 請留意新註冊帳號使用信件詐騙,ubcs,11/02,https://www.ptt.cc/bbs/Gossiping/M.1730554547.A.41C.html,→,azeroth,Q_Q幹 還在姚,01/21 00:26
Fw: [公告] 請留意新註冊帳號使用信件詐騙,ubcs,11/02,https://www.ptt.cc/bbs/Gossiping/M.1730554547.A.41C.html,推,alfahsu,天佑台灣,01/21 00:26
Fw: [公告] 請留意新註冊帳號使用信件詐騙,ubcs,11/02,https://www.ptt.cc/bbs/Gossiping/M.1730554547.A.41C.html,推,jc004716,推,01/21 07:03
Fw: [公告] 請留意新註冊帳號使用信件詐騙,ubcs,11/02,https://www.ptt.cc/bbs/Gossiping/M.1730554547.A.41C.html,推,yotracy,大家還好嗎,01/21 08:48
Fw: [公告] 請留意新註冊帳號使用信件詐騙,ubcs,11/02,https://www.ptt.cc/bbs/Gossiping/M.1730554547.A.41C.html,推,dvdr2001,ok,01/21 20:41
Fw: [公告] 請留意新註冊帳號使用信件詐騙,ubcs,11/02,https://www.ptt.cc/bbs/Gossiping/M.1730554547.A.41C.html,→,kingkinggod,陳菊：煎茶院該廢掉,01/22 12:03
Fw: [公告] 請留意新註冊帳號使用信件詐騙,ubcs,11/02,https://www.ptt.cc/bbs/Gossiping/M.1730554547.A.41C.html,推,spartaucs896,讚,01/22 17:50
Fw: [公告] 請留意新註冊帳號使用信件詐騙,ubcs,11/02,https://www.ptt.cc/bbs/Gossiping/M.1730554547.A.41C.html,推,jason222333,感謝大大,01/24 08:18
Fw: [公告] 請留意新註冊帳號使用信件詐騙,ubcs,11/02,https://www.ptt.cc/bbs/Gossiping/M.1730554547.A.41C.html,推,cerberi,我覺得美國已經做到很好啦 是綠巨嬰的問,01/24 08:44
Fw: [公告] 請留意新註冊帳號使用信件詐騙,ubcs,11/02,https://www.ptt.cc/bbs/Gossiping/M.1730554547.A.41C.html,→,cerberi,題,01/24 08:44
Fw: [公告] 請留意新註冊帳號使用信件詐騙,ubcs,11/02,https://www.ptt.cc/bbs/Gossiping/M.1730554547.A.41C.html,→,x001611,選能雙持方天畫戟的 剛好200斤,01/24 13:05
Fw: [公告] 請留意新註冊帳號使用信件詐騙,ubcs,11/02,https://www.ptt.cc/bbs/Gossiping/M.1730554547.A.41C.html,噓,vbjing56,20,01/25 07:26
Fw: [公告] 請留意新註冊帳號使用信件詐騙,ubcs,11/02,https://www.ptt.cc/bbs/Gossiping/M.1730554547.A.41C.html,推,s06076276,$,01/25 09:54
Fw: [公告] 請留意新註冊帳號使用信件詐騙,ubcs,11/02,https://www.ptt.cc/bbs/Gossiping/M.1730554547.A.41C.html,噓,xylinum,我沒收到耶！QQ,01/25 15:10
Fw: [公告] 請留意新註冊帳號使用信件詐騙,ubcs,11/02,https://www.ptt.cc/bbs/Gossiping/M.1730554547.A.41C.html,→,gtcb,其實不用真的讓民進黨剩三分之一，只要象徵,01/27 14:08
Fw: [公告] 請留意新註冊帳號使用信件詐騙,ubcs,11/02,https://www.ptt.cc/bbs/Gossiping/M.1730554547.A.41C.html,推,kshs301,2025/1/27 23:07,01/27 23:07
Fw: [公告] 請留意新註冊帳號使用信件詐騙,ubcs,11/02,https://www.ptt.cc/bbs/Gossiping/M.1730554547.A.41C.html,推,shoungson,推,01/30 15:21
Fw: [公告] 請留意新註冊帳號使用信件詐騙,ubcs,11/02,https://www.ptt.cc/bbs/Gossiping/M.1730554547.A.41C.html,推,wilson5938,推,02/03 23:27
Fw: [公告] 請留意新註冊帳號使用信件詐騙,ubcs,11/02,https://www.ptt.cc/bbs/Gossiping/M.1730554547.A.41C.html,推,FatFatFace,推推,02/07 12:51
Fw: [公告] 請留意新註冊帳號使用信件詐騙,ubcs,11/02,https://www.ptt.cc/bbs/Gossiping/M.1730554547.A.41C.html,→,PttWaHaha,党： I'm watching  you !,02/08 08:00
Fw: [公告] 請留意新註冊帳號使用信件詐騙,ubcs,11/02,https://www.ptt.cc/bbs/Gossiping/M.1730554547.A.41C.html,推,KurtMike,推,02/09 18:11
Fw: [公告] 請留意新註冊帳號使用信件詐騙,ubcs,11/02,https://www.ptt.cc/bbs/Gossiping/M.1730554547.A.41C.html,推,IrisQQQ,煉銅的大選,02/15 17:17
Fw: [公告] 請留意新註冊帳號使用信件詐騙,ubcs,11/02,https://www.ptt.cc/bbs/Gossiping/M.1730554547.A.41C.html,推,BlueMoonTim,05:36 $$$,02/18 05:36
Fw: [公告] 請留意新註冊帳號使用信件詐騙,ubcs,11/02,https://www.ptt.cc/bbs/Gossiping/M.1730554547.A.41C.html,推,foredoom,錢錢 XD,02/19 16:40
Fw: [公告] 請留意新註冊帳號使用信件詐騙,ubcs,11/02,https://www.ptt.cc/bbs/Gossiping/M.1730554547.A.41C.html,推,dorisx25,推,02/20 14:16
Fw: [公告] 請留意新註冊帳號使用信件詐騙,ubcs,11/02,https://www.ptt.cc/bbs/Gossiping/M.1730554547.A.41C.html,→,moai513,https://i.imgur.com/uQSXKvo.jpeg,02/27 12:47
Fw: [公告] 請留意新註冊帳號使用信件詐騙,ubcs,11/02,https://www.ptt.cc/bbs/Gossiping/M.1730554547.A.41C.html,→,gtcb,藍營關心的是做這件事對不對，綠營只關心會,02/27 20:38
Fw: [公告] 請留意新註冊帳號使用信件詐騙,ubcs,11/02,https://www.ptt.cc/bbs/Gossiping/M.1730554547.A.41C.html,推,supervisorz,謝,03/02 01:12
Fw: [公告] 請留意新註冊帳號使用信件詐騙,ubcs,11/02,https://www.ptt.cc/bbs/Gossiping/M.1730554547.A.41C.html,→,JYhshiu,只ˋ嗷嗷嗷搖一搖嗷嗷ㄧ奧+ㄧ嗷嗷）奧ㄧ,03/03 17:20
Fw: [公告] 請留意新註冊帳號使用信件詐騙,ubcs,11/02,https://www.ptt.cc/bbs/Gossiping/M.1730554547.A.41C.html,推,kluwer2021,老人才被騙,03/04 15:00
Fw: [公告] 請留意新註冊帳號使用信件詐騙,ubcs,11/02,https://www.ptt.cc/bbs/Gossiping/M.1730554547.A.41C.html,推,pid2,閱,03/05 17:59
Fw: [公告] 請留意新註冊帳號使用信件詐騙,ubcs,11/02,https://www.ptt.cc/bbs/Gossiping/M.1730554547.A.41C.html,推,gene3706,收到,03/05 18:55
Fw: [公告] 請留意新註冊帳號使用信件詐騙,ubcs,11/02,https://www.ptt.cc/bbs/Gossiping/M.1730554547.A.41C.html,推,fur,錢錢錢,03/06 16:28
Fw: [公告] 請留意新註冊帳號使用信件詐騙,ubcs,11/02,https://www.ptt.cc/bbs/Gossiping/M.1730554547.A.41C.html,推,DorisBaby,推 朋友也在ptt被騙了QQ,03/07 16:24
Fw: [公告] 請留意新註冊帳號使用信件詐騙,ubcs,11/02,https://www.ptt.cc/bbs/Gossiping/M.1730554547.A.41C.html,推,tommy449,頂,03/10 22:33
Fw: [公告] 請留意新註冊帳號使用信件詐騙,ubcs,11/02,https://www.ptt.cc/bbs/Gossiping/M.1730554547.A.41C.html,推,KuroCYR,參考一下 http://i.imgur.com/VeaFBYn.jp,03/12 04:22
Fw: [公告] 請留意新註冊帳號使用信件詐騙,ubcs,11/02,https://www.ptt.cc/bbs/Gossiping/M.1730554547.A.41C.html,→,KuroCYR,g,03/12 04:22
Fw: [公告] 請留意新註冊帳號使用信件詐騙,ubcs,11/02,https://www.ptt.cc/bbs/Gossiping/M.1730554547.A.41C.html,推,wizozc,感謝提醒，推！,03/12 23:02
Fw: [公告] 請留意新註冊帳號使用信件詐騙,ubcs,11/02,https://www.ptt.cc/bbs/Gossiping/M.1730554547.A.41C.html,推,sync007,好的ok,03/13 00:15
Fw: [公告] 請留意新註冊帳號使用信件詐騙,ubcs,11/02,https://www.ptt.cc/bbs/Gossiping/M.1730554547.A.41C.html,推,Fino5566,太貴了吧,03/14 17:10
Fw: [公告] 請留意新註冊帳號使用信件詐騙,ubcs,11/02,https://www.ptt.cc/bbs/Gossiping/M.1730554547.A.41C.html,→,velaro,推個，詐騙好可怕,03/16 23:20
Fw: [公告] 請留意新註冊帳號使用信件詐騙,ubcs,11/02,https://www.ptt.cc/bbs/Gossiping/M.1730554547.A.41C.html,→,peterwww,北韓每一年或多或少發射飛彈投日本海,03/20 01:17
Fw: [公告] 請留意新註冊帳號使用信件詐騙,ubcs,11/02,https://www.ptt.cc/bbs/Gossiping/M.1730554547.A.41C.html,→,peterwww,推錯,03/20 01:18
Fw: [公告] 請留意新註冊帳號使用信件詐騙,ubcs,11/02,https://www.ptt.cc/bbs/Gossiping/M.1730554547.A.41C.html,推,tk135yang,給淺錢,03/20 11:43
Fw: [公告] 請留意新註冊帳號使用信件詐騙,ubcs,11/02,https://www.ptt.cc/bbs/Gossiping/M.1730554547.A.41C.html,推,kenlin0105,錢,03/20 14:57
Fw: [公告] 請留意新註冊帳號使用信件詐騙,ubcs,11/02,https://www.ptt.cc/bbs/Gossiping/M.1730554547.A.41C.html,推,hkjeer,錢,03/20 15:45
Fw: [公告] 請留意新註冊帳號使用信件詐騙,ubcs,11/02,https://www.ptt.cc/bbs/Gossiping/M.1730554547.A.41C.html,推,pureworld,推,03/23 07:13
Fw: [公告] 請留意新註冊帳號使用信件詐騙,ubcs,11/02,https://www.ptt.cc/bbs/Gossiping/M.1730554547.A.41C.html,→,sylviehsiang,不要把陶晶瑩說得一文不值,03/24 16:45
Fw: [公告] 請留意新註冊帳號使用信件詐騙,ubcs,11/02,https://www.ptt.cc/bbs/Gossiping/M.1730554547.A.41C.html,→,sylviehsiang,李李仁表示： 熊天平表示：,03/24 16:46
Fw: [公告] 請留意新註冊帳號使用信件詐騙,ubcs,11/02,https://www.ptt.cc/bbs/Gossiping/M.1730554547.A.41C.html,→,gtcb,這些人連衛生紙的錢都要納稅人幫他們出，還,03/24 19:18
Fw: [公告] 請留意新註冊帳號使用信件詐騙,ubcs,11/02,https://www.ptt.cc/bbs/Gossiping/M.1730554547.A.41C.html,→,QooSnow,！）,03/28 15:50
Fw: [公告] 請留意新註冊帳號使用信件詐騙,ubcs,11/02,https://www.ptt.cc/bbs/Gossiping/M.1730554547.A.41C.html,推,spirit119,1452,03/31 14:52
[公告] 八卦板板規(2025.01.21),ubcs,1/21,https://www.ptt.cc/bbs/Gossiping/M.1737398137.A.644.html,推,elec1141,錢,01/21 02:35
[公告] 八卦板板規(2025.01.21),ubcs,1/21,https://www.ptt.cc/bbs/Gossiping/M.1737398137.A.644.html,→,starwillow,錢,01/21 02:40
[公告] 八卦板板規(2025.01.21),ubcs,1/21,https://www.ptt.cc/bbs/Gossiping/M.1737398137.A.644.html,推,chinnez,錢,01/21 02:41
[公告] 八卦板板規(2025.01.21),ubcs,1/21,https://www.ptt.cc/bbs/Gossiping/M.1737398137.A.644.html,推,RognerLiu,推,01/21 02:48
Fw: [公告] 請避免與登入1次之帳號進行交易 發錢,ubcs,3/12,https://www.ptt.cc/bbs/Gossiping/M.1741791500.A.EB6.html,→,Stupidog5566,卻有上百個帳號被批量註冊用來詐騙,03/12 23:02
Fw: [公告] 請避免與登入1次之帳號進行交易 發錢,ubcs,3/12,https://www.ptt.cc/bbs/Gossiping/M.1741791500.A.EB6.html,→,Stupidog5566,帳號部是NCC的人在兼差嗎?,03/12 23:03
Fw: [公告] 請避免與登入1次之帳號進行交易 發錢,ubcs,3/12,https://www.ptt.cc/bbs/Gossiping/M.1741791500.A.EB6.html,推,for40255,1D22H30M22S,03/12 23:10
Fw: [公告] 請避免與登入1次之帳號進行交易 發錢,ubcs,3/12,https://www.ptt.cc/bbs/Gossiping/M.1741791500.A.EB6.html,→,shokotan,PTT被騙的人 怎麼不找找自己問題,03/12 23:19
Fw: [公告] 請避免與登入1次之帳號進行交易 發錢,ubcs,3/12,https://www.ptt.cc/bbs/Gossiping/M.1741791500.A.EB6.html,→,Asato163,36min,03/12 23:34
Fw: [公告] 請避免與登入1次之帳號進行交易 發錢,ubcs,3/12,https://www.ptt.cc/bbs/Gossiping/M.1741791500.A.EB6.html,推,Slowbro,38m,03/12 23:36
Fw: [公告] 請避免與登入1次之帳號進行交易 發錢,ubcs,3/12,https://www.ptt.cc/bbs/Gossiping/M.1741791500.A.EB6.html,→,greensdream,打錯63M,03/13 00:14
Fw: [公告] 請避免與登入1次之帳號進行交易 發錢,ubcs,3/12,https://www.ptt.cc/bbs/Gossiping/M.1741791500.A.EB6.html,→,CTUST,位數,03/13 08:36
Fw: [公告] 請避免與登入1次之帳號進行交易 發錢,ubcs,3/12,https://www.ptt.cc/bbs/Gossiping/M.1741791500.A.EB6.html,推,s06076276,$,03/13 09:35
Fw: [公告] 請避免與登入1次之帳號進行交易 發錢,ubcs,3/12,https://www.ptt.cc/bbs/Gossiping/M.1741791500.A.EB6.html,推,whitefox,14:30,03/13 12:03
Fw: [公告] 請避免與登入1次之帳號進行交易 發錢,ubcs,3/12,https://www.ptt.cc/bbs/Gossiping/M.1741791500.A.EB6.html,噓,yadog0614,4d拿3p,03/16 08:07
Fw: [公告] 請避免與登入1次之帳號進行交易 發錢,ubcs,3/12,https://www.ptt.cc/bbs/Gossiping/M.1741791500.A.EB6.html,推,planetrock,推,03/16 08:48
Fw: [公告] 請避免與登入1次之帳號進行交易 發錢,ubcs,3/12,https://www.ptt.cc/bbs/Gossiping/M.1741791500.A.EB6.html,推,s06076276,$,03/19 17:31
Fw: [公告] 請避免與登入1次之帳號進行交易 發錢,ubcs,3/12,https://www.ptt.cc/bbs/Gossiping/M.1741791500.A.EB6.html,推,Irene0314,不止登入一次哦，我追蹤的那個還會洗,03/21 14:29
Fw: [公告] 請避免與登入1次之帳號進行交易 發錢,ubcs,3/12,https://www.ptt.cc/bbs/Gossiping/M.1741791500.A.EB6.html,→,Irene0314,帳號，前期是每天光登入，現在在各地,03/21 14:29
Fw: [公告] 請避免與登入1次之帳號進行交易 發錢,ubcs,3/12,https://www.ptt.cc/bbs/Gossiping/M.1741791500.A.EB6.html,→,Irene0314,區發買賣文,03/21 14:29
Fw: [公告] 請避免與登入1次之帳號進行交易 發錢,ubcs,3/12,https://www.ptt.cc/bbs/Gossiping/M.1741791500.A.EB6.html,推,taiwan91810,錢,03/23 09:31
Fw: [公告] 請避免與登入1次之帳號進行交易 發錢,ubcs,3/12,https://www.ptt.cc/bbs/Gossiping/M.1741791500.A.EB6.html,推,todo116,我有30公分,03/24 13:10
Fw: [公告] 請避免與登入1次之帳號進行交易 發錢,ubcs,3/12,https://www.ptt.cc/bbs/Gossiping/M.1741791500.A.EB6.html,推,ww8800,1,03/24 20:30
Fw: [公告] 請避免與登入1次之帳號進行交易 發錢,ubcs,3/12,https://www.ptt.cc/bbs/Gossiping/M.1741791500.A.EB6.html,推,DarkKnight,穩,03/24 21:47
Fw: [公告] 請避免與登入1次之帳號進行交易 發錢,ubcs,3/12,https://www.ptt.cc/bbs/Gossiping/M.1741791500.A.EB6.html,推,Love0803,詐騙滾出去,03/25 16:17
Fw: [公告] 請避免與登入1次之帳號進行交易 發錢,ubcs,3/12,https://www.ptt.cc/bbs/Gossiping/M.1741791500.A.EB6.html,推,qq987654321,推,03/25 16:23
Fw: [公告] 請避免與登入1次之帳號進行交易 發錢,ubcs,3/12,https://www.ptt.cc/bbs/Gossiping/M.1741791500.A.EB6.html,推,doraemon9875,推,03/25 16:23
Fw: [公告] 請避免與登入1次之帳號進行交易 發錢,ubcs,3/12,https://www.ptt.cc/bbs/Gossiping/M.1741791500.A.EB6.html,推,ssshleo,老羅牛肉麵 越來越貴了 但味道還行,03/26 15:18
Fw: [公告] 請避免與登入1次之帳號進行交易 發錢,ubcs,3/12,https://www.ptt.cc/bbs/Gossiping/M.1741791500.A.EB6.html,推,s2262,z,03/28 00:24
Fw: [公告] 請避免與登入1次之帳號進行交易 發錢,ubcs,3/12,https://www.ptt.cc/bbs/Gossiping/M.1741791500.A.EB6.html,推,devilfruit,推,03/28 08:05
Fw: [公告] 請避免與登入1次之帳號進行交易 發錢,ubcs,3/12,https://www.ptt.cc/bbs/Gossiping/M.1741791500.A.EB6.html,推,jeff21115,8位數 這麼好騙?,03/28 13:24
Fw: [公告] 請避免與登入1次之帳號進行交易 發錢,ubcs,3/12,https://www.ptt.cc/bbs/Gossiping/M.1741791500.A.EB6.html,→,finhisky,大？,03/28 15:38
[公告] 八卦板主徵選規則修正&截止時間,ubcs,3/28,https://www.ptt.cc/bbs/Gossiping/M.1743146619.A.5A2.html,→,highyes,你誰啊？ 亂么吉 = =！,03/28 15:24
[公告] 八卦板主徵選規則修正&截止時間,ubcs,3/28,https://www.ptt.cc/bbs/Gossiping/M.1743146619.A.5A2.html,推,ralfeistein,https://imgur.com/TnTZaZL.jpg,03/28 15:24
[公告] 八卦板主徵選規則修正&截止時間,ubcs,3/28,https://www.ptt.cc/bbs/Gossiping/M.1743146619.A.5A2.html,推,ralfeistein,要當八卦板主一年 可能更少人想選了,03/28 15:25
[公告] 八卦板主徵選規則修正&截止時間,ubcs,3/28,https://www.ptt.cc/bbs/Gossiping/M.1743146619.A.5A2.html,推,phantaci,2m,03/28 15:25
[公告] 八卦板主徵選規則修正&截止時間,ubcs,3/28,https://www.ptt.cc/bbs/Gossiping/M.1743146619.A.5A2.html,推,zxcvbnm00316,要當版主一輩子哦......,03/28 15:26
[公告] 八卦板主徵選規則修正&截止時間,ubcs,3/28,https://www.ptt.cc/bbs/Gossiping/M.1743146619.A.5A2.html,推,rz2x,一輩子的八卦版主喔,03/28 15:26
[公告] 八卦板主徵選規則修正&截止時間,ubcs,3/28,https://www.ptt.cc/bbs/Gossiping/M.1743146619.A.5A2.html,推,Yunanadayo,推,03/28 15:27
[公告] 八卦板主徵選規則修正&截止時間,ubcs,3/28,https://www.ptt.cc/bbs/Gossiping/M.1743146619.A.5A2.html,推,highyes,純領不選 = =@,03/28 15:27
[公告] 八卦板主徵選規則修正&截止時間,ubcs,3/28,https://www.ptt.cc/bbs/Gossiping/M.1743146619.A.5A2.html,推,james732,錢,03/28 15:27
[公告] 八卦板主徵選規則修正&截止時間,ubcs,3/28,https://www.ptt.cc/bbs/Gossiping/M.1743146619.A.5A2.html,推,deann,八卦又要選板主?,03/28 15:28
[公告] 八卦板主徵選規則修正&截止時間,ubcs,3/28,https://www.ptt.cc/bbs/Gossiping/M.1743146619.A.5A2.html,推,azeroth,給....我.......錢~~~~,03/28 15:28
[公告] 八卦板主徵選規則修正&截止時間,ubcs,3/28,https://www.ptt.cc/bbs/Gossiping/M.1743146619.A.5A2.html,推,Workforme,推一個錢,03/28 15:29
[公告] 八卦板主徵選規則修正&截止時間,ubcs,3/28,https://www.ptt.cc/bbs/Gossiping/M.1743146619.A.5A2.html,推,yangan,錢,03/28 15:29
[公告] 八卦板主徵選規則修正&截止時間,ubcs,3/28,https://www.ptt.cc/bbs/Gossiping/M.1743146619.A.5A2.html,噓,KuoJuiHsiao,怎麼投都是你們這幾位在當，有些人,03/28 15:30
[公告] 八卦板主徵選規則修正&截止時間,ubcs,3/28,https://www.ptt.cc/bbs/Gossiping/M.1743146619.A.5A2.html,→,KuoJuiHsiao,怎麼當選？規則應該修改「當選者，,03/28 15:30
[公告] 八卦板主徵選規則修正&截止時間,ubcs,3/28,https://www.ptt.cc/bbs/Gossiping/M.1743146619.A.5A2.html,→,KuoJuiHsiao,只能連任N次，日後不得再參選」…等,03/28 15:30
[公告] 八卦板主徵選規則修正&截止時間,ubcs,3/28,https://www.ptt.cc/bbs/Gossiping/M.1743146619.A.5A2.html,→,KuoJuiHsiao,。,03/28 15:30
[公告] 八卦板主徵選規則修正&截止時間,ubcs,3/28,https://www.ptt.cc/bbs/Gossiping/M.1743146619.A.5A2.html,→,azeroth,就沒人要當了還要嫌= =,03/28 15:31
[公告] 八卦板主徵選規則修正&截止時間,ubcs,3/28,https://www.ptt.cc/bbs/Gossiping/M.1743146619.A.5A2.html,推,kisusu,歐內蓋,03/28 15:31
[公告] 八卦板主徵選規則修正&截止時間,ubcs,3/28,https://www.ptt.cc/bbs/Gossiping/M.1743146619.A.5A2.html,→,r85270607,我也是苦惱 一直以來我認為,03/28 15:33
[公告] 八卦板主徵選規則修正&截止時間,ubcs,3/28,https://www.ptt.cc/bbs/Gossiping/M.1743146619.A.5A2.html,→,r85270607,八卦政黑 各立山頭的平衡,03/28 15:33
[公告] 八卦板主徵選規則修正&截止時間,ubcs,3/28,https://www.ptt.cc/bbs/Gossiping/M.1743146619.A.5A2.html,→,r85270607,如今這個平衡在存在嗎？,03/28 15:33
[公告] 八卦板主徵選規則修正&截止時間,ubcs,3/28,https://www.ptt.cc/bbs/Gossiping/M.1743146619.A.5A2.html,推,goodyW,你會發錢，一直當不好嗎??,03/28 15:33
[公告] 八卦板主徵選規則修正&截止時間,ubcs,3/28,https://www.ptt.cc/bbs/Gossiping/M.1743146619.A.5A2.html,推,gaiaesque,這職位一個月沒領個四五萬的不值得 XD,03/28 15:33
[公告] 八卦板主徵選規則修正&截止時間,ubcs,3/28,https://www.ptt.cc/bbs/Gossiping/M.1743146619.A.5A2.html,推,St3480,推,03/28 15:34
[公告] 八卦板主徵選規則修正&截止時間,ubcs,3/28,https://www.ptt.cc/bbs/Gossiping/M.1743146619.A.5A2.html,推,taiwan91810,錢,03/28 15:34
[公告] 八卦板主徵選規則修正&截止時間,ubcs,3/28,https://www.ptt.cc/bbs/Gossiping/M.1743146619.A.5A2.html,推,Forcast,不連任嗎,03/28 15:35
[公告] 八卦板主徵選規則修正&截止時間,ubcs,3/28,https://www.ptt.cc/bbs/Gossiping/M.1743146619.A.5A2.html,推,UVIR,$$,03/28 15:36
[公告] 八卦板主徵選規則修正&截止時間,ubcs,3/28,https://www.ptt.cc/bbs/Gossiping/M.1743146619.A.5A2.html,推,finhisky,以前很多人選 現在沒人想選  誰的問題最,03/28 15:38
[公告] 八卦板主徵選規則修正&截止時間,ubcs,3/28,https://www.ptt.cc/bbs/Gossiping/M.1743146619.A.5A2.html,推,goddamnhuge,推推 領錢雖然不知道可以幹嘛XD,03/28 15:38
[公告] 八卦板主徵選規則修正&截止時間,ubcs,3/28,https://www.ptt.cc/bbs/Gossiping/M.1743146619.A.5A2.html,推,phitenbieler,錢,03/28 15:39
[公告] 八卦板主徵選規則修正&截止時間,ubcs,3/28,https://www.ptt.cc/bbs/Gossiping/M.1743146619.A.5A2.html,→,finhisky,好不容易 有女版主 結果被板主內鬥搞掉,03/28 15:39
[公告] 八卦板主徵選規則修正&截止時間,ubcs,3/28,https://www.ptt.cc/bbs/Gossiping/M.1743146619.A.5A2.html,→,phitenbieler,看到檢舉板堆成山 沒人敢選,03/28 15:39
[公告] 八卦板主徵選規則修正&截止時間,ubcs,3/28,https://www.ptt.cc/bbs/Gossiping/M.1743146619.A.5A2.html,推,aer111,20min,03/28 15:42
[公告] 八卦板主徵選規則修正&截止時間,ubcs,3/28,https://www.ptt.cc/bbs/Gossiping/M.1743146619.A.5A2.html,推,tw00053142,錢錢,03/28 15:43
[公告] 八卦板主徵選規則修正&截止時間,ubcs,3/28,https://www.ptt.cc/bbs/Gossiping/M.1743146619.A.5A2.html,推,fairymomo,好,03/28 15:44
[公告] 八卦板主徵選規則修正&截止時間,ubcs,3/28,https://www.ptt.cc/bbs/Gossiping/M.1743146619.A.5A2.html,推,ShadowKuo,22M,03/28 15:45
[公告] 八卦板主徵選規則修正&截止時間,ubcs,3/28,https://www.ptt.cc/bbs/Gossiping/M.1743146619.A.5A2.html,推,s820912gmail,錢,03/28 15:45
[公告] 八卦板主徵選規則修正&截止時間,ubcs,3/28,https://www.ptt.cc/bbs/Gossiping/M.1743146619.A.5A2.html,推,BBScom,26M,03/28 15:49
[公告] 八卦板主徵選規則修正&截止時間,ubcs,3/28,https://www.ptt.cc/bbs/Gossiping/M.1743146619.A.5A2.html,推,blessme,錢,03/28 15:50
[公告] 八卦板主徵選規則修正&截止時間,ubcs,3/28,https://www.ptt.cc/bbs/Gossiping/M.1743146619.A.5A2.html,推,Lailungsheng,因為非綠的怕被插水表...（認真,03/28 15:50
[公告] 八卦板主徵選規則修正&截止時間,ubcs,3/28,https://www.ptt.cc/bbs/Gossiping/M.1743146619.A.5A2.html,推,key7110,辛苦了 27m,03/28 15:50
[公告] 八卦板主徵選規則修正&截止時間,ubcs,3/28,https://www.ptt.cc/bbs/Gossiping/M.1743146619.A.5A2.html,推,QooSnow,（板主！）（加油！）（終能）（撥雲見日,03/28 15:50
[公告] 八卦板主徵選規則修正&截止時間,ubcs,3/28,https://www.ptt.cc/bbs/Gossiping/M.1743146619.A.5A2.html,→,chopper594,之後要忙了沒空管 而且有一堆瘋子,03/28 15:52
[公告] 八卦板主徵選規則修正&截止時間,ubcs,3/28,https://www.ptt.cc/bbs/Gossiping/M.1743146619.A.5A2.html,推,hwei9582905,錢,03/28 15:52
[公告] 八卦板主徵選規則修正&截止時間,ubcs,3/28,https://www.ptt.cc/bbs/Gossiping/M.1743146619.A.5A2.html,推,swimming5445,推,03/28 15:53
[公告] 八卦板主徵選規則修正&截止時間,ubcs,3/28,https://www.ptt.cc/bbs/Gossiping/M.1743146619.A.5A2.html,推,Yyyyyy,$,03/28 15:53
[公告] 八卦板主徵選規則修正&截止時間,ubcs,3/28,https://www.ptt.cc/bbs/Gossiping/M.1743146619.A.5A2.html,推,taiwan08,只好繼續連任了,03/28 15:54
[公告] 八卦板主徵選規則修正&截止時間,ubcs,3/28,https://www.ptt.cc/bbs/Gossiping/M.1743146619.A.5A2.html,噓,Stunts,任期到了就趕快下台,03/28 15:58
[公告] 八卦板主徵選規則修正&截止時間,ubcs,3/28,https://www.ptt.cc/bbs/Gossiping/M.1743146619.A.5A2.html,推,PalmAngels,又看了一集,03/28 16:02
[公告] 八卦板主徵選規則修正&截止時間,ubcs,3/28,https://www.ptt.cc/bbs/Gossiping/M.1743146619.A.5A2.html,推,s3523114,錢,03/28 16:03
[公告] 八卦板主徵選規則修正&截止時間,ubcs,3/28,https://www.ptt.cc/bbs/Gossiping/M.1743146619.A.5A2.html,推,qscxz,22min,03/28 16:06
[公告] 八卦板主徵選規則修正&截止時間,ubcs,3/28,https://www.ptt.cc/bbs/Gossiping/M.1743146619.A.5A2.html,推,SaintSeven,隔離區趕快再派文盲來給大家酵啊xDDDD,03/28 16:14
[公告] 八卦板主徵選規則修正&截止時間,ubcs,3/28,https://www.ptt.cc/bbs/Gossiping/M.1743146619.A.5A2.html,推,zhicong,54分,03/28 16:17
[公告] 八卦板主徵選規則修正&截止時間,ubcs,3/28,https://www.ptt.cc/bbs/Gossiping/M.1743146619.A.5A2.html,推,mikehu,57m,03/28 16:20
[公告] 八卦板主徵選規則修正&截止時間,ubcs,3/28,https://www.ptt.cc/bbs/Gossiping/M.1743146619.A.5A2.html,推,awe1030,58m,03/28 16:21
[公告] 八卦板主徵選規則修正&截止時間,ubcs,3/28,https://www.ptt.cc/bbs/Gossiping/M.1743146619.A.5A2.html,推,losec0614,59m,03/28 16:22
[公告] 八卦板主徵選規則修正&截止時間,ubcs,3/28,https://www.ptt.cc/bbs/Gossiping/M.1743146619.A.5A2.html,推,induse,1H,03/28 16:23
[公告] 八卦板主徵選規則修正&截止時間,ubcs,3/28,https://www.ptt.cc/bbs/Gossiping/M.1743146619.A.5A2.html,推,fatyi,推,03/28 16:26
[公告] 八卦板主徵選規則修正&截止時間,ubcs,3/28,https://www.ptt.cc/bbs/Gossiping/M.1743146619.A.5A2.html,推,Solonius,1小 https://i.imgur.com/rfIVLf0.jpeg,03/28 16:28
[公告] 八卦板主徵選規則修正&截止時間,ubcs,3/28,https://www.ptt.cc/bbs/Gossiping/M.1743146619.A.5A2.html,推,lpbrother,改成三權分立好了,03/28 16:35
[公告] 八卦板主徵選規則修正&截止時間,ubcs,3/28,https://www.ptt.cc/bbs/Gossiping/M.1743146619.A.5A2.html,推,qtgary,推,03/28 16:46
[公告] 八卦板主徵選規則修正&截止時間,ubcs,3/28,https://www.ptt.cc/bbs/Gossiping/M.1743146619.A.5A2.html,推,pcly,錢,03/28 16:49
[公告] 八卦板主徵選規則修正&截止時間,ubcs,3/28,https://www.ptt.cc/bbs/Gossiping/M.1743146619.A.5A2.html,推,Forcast,四位感覺不夠,03/28 16:51
[公告] 八卦板主徵選規則修正&截止時間,ubcs,3/28,https://www.ptt.cc/bbs/Gossiping/M.1743146619.A.5A2.html,推,sukiyasuica,錢,03/28 16:55
[公告] 八卦板主徵選規則修正&截止時間,ubcs,3/28,https://www.ptt.cc/bbs/Gossiping/M.1743146619.A.5A2.html,推,spectron,好的 17：25,03/28 17:03
[公告] 八卦板主徵選規則修正&截止時間,ubcs,3/28,https://www.ptt.cc/bbs/Gossiping/M.1743146619.A.5A2.html,推,psychohero,錢,03/28 17:09
[公告] 八卦板主徵選規則修正&截止時間,ubcs,3/28,https://www.ptt.cc/bbs/Gossiping/M.1743146619.A.5A2.html,→,gaiaesque,我好像5分鐘內就看到了?,03/28 17:30
[公告] 八卦板主徵選規則修正&截止時間,ubcs,3/28,https://www.ptt.cc/bbs/Gossiping/M.1743146619.A.5A2.html,推,tmgg,33M,03/28 17:33
[公告] 八卦板主徵選規則修正&截止時間,ubcs,3/28,https://www.ptt.cc/bbs/Gossiping/M.1743146619.A.5A2.html,推,RGBB,推,03/28 17:46
[公告] 八卦板主徵選規則修正&截止時間,ubcs,3/28,https://www.ptt.cc/bbs/Gossiping/M.1743146619.A.5A2.html,推,applejim,ubcs 和盒盒，等你們,03/28 18:04
[公告] 八卦板主徵選規則修正&截止時間,ubcs,3/28,https://www.ptt.cc/bbs/Gossiping/M.1743146619.A.5A2.html,推,zealotlai274,推，2h32m,03/28 18:05
[公告] 八卦板主徵選規則修正&截止時間,ubcs,3/28,https://www.ptt.cc/bbs/Gossiping/M.1743146619.A.5A2.html,推,hippo998,純推，當選門檻才幾百票，還有人噴“都,03/28 18:33
[公告] 八卦板主徵選規則修正&截止時間,ubcs,3/28,https://www.ptt.cc/bbs/Gossiping/M.1743146619.A.5A2.html,→,hippo998,是你們這幾位在當”是什麼邏輯鬼才,03/28 18:33
[公告] 八卦板主徵選規則修正&截止時間,ubcs,3/28,https://www.ptt.cc/bbs/Gossiping/M.1743146619.A.5A2.html,→,hippo998,有本事有人望洗個上千票就能幹掉老屁股,03/28 18:33
[公告] 八卦板主徵選規則修正&截止時間,ubcs,3/28,https://www.ptt.cc/bbs/Gossiping/M.1743146619.A.5A2.html,→,hippo998,啊，打不過就想從改規則下手是吧,03/28 18:33
[公告] 八卦板主徵選規則修正&截止時間,ubcs,3/28,https://www.ptt.cc/bbs/Gossiping/M.1743146619.A.5A2.html,推,a826451115,3h,03/28 18:40
[公告] 八卦板主徵選規則修正&截止時間,ubcs,3/28,https://www.ptt.cc/bbs/Gossiping/M.1743146619.A.5A2.html,→,hippo998,"上一屆選舉數據: 共有 239 人投票,每人",03/28 18:43
[公告] 八卦板主徵選規則修正&截止時間,ubcs,3/28,https://www.ptt.cc/bbs/Gossiping/M.1743146619.A.5A2.html,→,hippo998,最多可投 2 票(53票當選要改什麼規則),03/28 18:43
[公告] 八卦板主徵選規則修正&截止時間,ubcs,3/28,https://www.ptt.cc/bbs/Gossiping/M.1743146619.A.5A2.html,推,speak,OK,03/28 18:47
[公告] 八卦板主徵選規則修正&截止時間,ubcs,3/28,https://www.ptt.cc/bbs/Gossiping/M.1743146619.A.5A2.html,推,xyhs,推,03/28 18:58
[公告] 八卦板主徵選規則修正&截止時間,ubcs,3/28,https://www.ptt.cc/bbs/Gossiping/M.1743146619.A.5A2.html,推,RognerLiu,去投票,03/28 19:03
[公告] 八卦板主徵選規則修正&截止時間,ubcs,3/28,https://www.ptt.cc/bbs/Gossiping/M.1743146619.A.5A2.html,推,Lucas0510,錢,03/28 19:07
[公告] 八卦板主徵選規則修正&截止時間,ubcs,3/28,https://www.ptt.cc/bbs/Gossiping/M.1743146619.A.5A2.html,推,angelology,推,03/28 19:27
[公告] 八卦板主徵選規則修正&截止時間,ubcs,3/28,https://www.ptt.cc/bbs/Gossiping/M.1743146619.A.5A2.html,推,SaintSeven,http://i.imgur.com/Mdr8N2O.jpg 賊個,03/28 19:30
[公告] 八卦板主徵選規則修正&截止時間,ubcs,3/28,https://www.ptt.cc/bbs/Gossiping/M.1743146619.A.5A2.html,推,thepstar,Oh Noooooooo!,03/28 19:33
[公告] 八卦板主徵選規則修正&截止時間,ubcs,3/28,https://www.ptt.cc/bbs/Gossiping/M.1743146619.A.5A2.html,推,MA40433,這是屎缺。喜歡這味的報名,03/28 19:55
[公告] 八卦板主徵選規則修正&截止時間,ubcs,3/28,https://www.ptt.cc/bbs/Gossiping/M.1743146619.A.5A2.html,推,jenbon,前,03/28 20:07
[公告] 八卦板主徵選規則修正&截止時間,ubcs,3/28,https://www.ptt.cc/bbs/Gossiping/M.1743146619.A.5A2.html,→,anglesong,可憐 連清潔員都有薪水了 八卦版主沒,03/28 20:07
[公告] 八卦板主徵選規則修正&截止時間,ubcs,3/28,https://www.ptt.cc/bbs/Gossiping/M.1743146619.A.5A2.html,→,anglesong,支薪,03/28 20:07
[公告] 八卦板主徵選規則修正&截止時間,ubcs,3/28,https://www.ptt.cc/bbs/Gossiping/M.1743146619.A.5A2.html,推,s06076276,$,03/28 20:17
[公告] 八卦板主徵選規則修正&截止時間,ubcs,3/28,https://www.ptt.cc/bbs/Gossiping/M.1743146619.A.5A2.html,推,uavan,5h8m,03/28 20:32
[公告] 八卦板主徵選規則修正&截止時間,ubcs,3/28,https://www.ptt.cc/bbs/Gossiping/M.1743146619.A.5A2.html,推,jimmy0204123,21:52,03/28 21:52
[公告] 八卦板主徵選規則修正&截止時間,ubcs,3/28,https://www.ptt.cc/bbs/Gossiping/M.1743146619.A.5A2.html,推,Joyeeee,7.5h,03/28 22:57
[公告] 八卦板主徵選規則修正&截止時間,ubcs,3/28,https://www.ptt.cc/bbs/Gossiping/M.1743146619.A.5A2.html,推,wild2012,實際上 就都是那幾位 在選 那何必選?,03/28 23:44
[公告] 八卦板主徵選規則修正&截止時間,ubcs,3/28,https://www.ptt.cc/bbs/Gossiping/M.1743146619.A.5A2.html,→,wild2012,反正投票的也只是看 這ID我知道 就投了,03/28 23:44
[公告] 八卦板主徵選規則修正&截止時間,ubcs,3/28,https://www.ptt.cc/bbs/Gossiping/M.1743146619.A.5A2.html,→,wild2012,會投票的也就那些人了 不投的還是不投,03/28 23:46
[公告] 八卦板主徵選規則修正&截止時間,ubcs,3/28,https://www.ptt.cc/bbs/Gossiping/M.1743146619.A.5A2.html,推,CalmEarth,推,03/28 23:56
[公告] 八卦板主徵選規則修正&截止時間,ubcs,3/28,https://www.ptt.cc/bbs/Gossiping/M.1743146619.A.5A2.html,→,YHOTV4096,天災、人禍、傳染病必講，總會中1個，,03/29 00:10
[公告] 八卦板主徵選規則修正&截止時間,ubcs,3/28,https://www.ptt.cc/bbs/Gossiping/M.1743146619.A.5A2.html,→,YHOTV4096,抱歉推錯篇。,03/29 00:10
[公告] 八卦板主徵選規則修正&截止時間,ubcs,3/28,https://www.ptt.cc/bbs/Gossiping/M.1743146619.A.5A2.html,→,angel902037,他手抖 都講幾年了 還沒死ㄟ,03/29 01:31
[公告] 八卦板主徵選規則修正&截止時間,ubcs,3/28,https://www.ptt.cc/bbs/Gossiping/M.1743146619.A.5A2.html,→,angel902037,靠背為啥會變來這邊 推錯篇,03/29 01:32
[公告] 八卦板主徵選規則修正&截止時間,ubcs,3/28,https://www.ptt.cc/bbs/Gossiping/M.1743146619.A.5A2.html,推,busin,$,03/29 01:51
[公告] 八卦板主徵選規則修正&截止時間,ubcs,3/28,https://www.ptt.cc/bbs/Gossiping/M.1743146619.A.5A2.html,推,tsainalunba4,30cm,03/29 05:43
[公告] 八卦板主徵選規則修正&截止時間,ubcs,3/28,https://www.ptt.cc/bbs/Gossiping/M.1743146619.A.5A2.html,推,fernand,推,03/29 06:11
[公告] 八卦板主徵選規則修正&截止時間,ubcs,3/28,https://www.ptt.cc/bbs/Gossiping/M.1743146619.A.5A2.html,推,kevinlee09,18hr28min.,03/29 09:51
[公告] 八卦板主徵選規則修正&截止時間,ubcs,3/28,https://www.ptt.cc/bbs/Gossiping/M.1743146619.A.5A2.html,推,gilbertchen8,推,03/29 10:18
[公告] 八卦板主徵選規則修正&截止時間,ubcs,3/28,https://www.ptt.cc/bbs/Gossiping/M.1743146619.A.5A2.html,推,ptt888,推,03/29 10:56
[公告] 八卦板主徵選規則修正&截止時間,ubcs,3/28,https://www.ptt.cc/bbs/Gossiping/M.1743146619.A.5A2.html,推,kobegasol,推,03/29 11:20
[公告] 八卦板主徵選規則修正&截止時間,ubcs,3/28,https://www.ptt.cc/bbs/Gossiping/M.1743146619.A.5A2.html,推,lxhqq,推推，辛苦了,03/29 11:24
[公告] 八卦板主徵選規則修正&截止時間,ubcs,3/28,https://www.ptt.cc/bbs/Gossiping/M.1743146619.A.5A2.html,推,laugh8562,你很棒,03/29 11:30
[公告] 八卦板主徵選規則修正&截止時間,ubcs,3/28,https://www.ptt.cc/bbs/Gossiping/M.1743146619.A.5A2.html,推,starwillow,好,03/29 11:49
[公告] 八卦板主徵選規則修正&截止時間,ubcs,3/28,https://www.ptt.cc/bbs/Gossiping/M.1743146619.A.5A2.html,推,axi,$,03/29 14:50
[公告] 八卦板主徵選規則修正&截止時間,ubcs,3/28,https://www.ptt.cc/bbs/Gossiping/M.1743146619.A.5A2.html,推,elainechain,1D3H56M,03/29 19:19
[公告] 八卦板主徵選規則修正&截止時間,ubcs,3/28,https://www.ptt.cc/bbs/Gossiping/M.1743146619.A.5A2.html,推,gogan,推,03/29 19:30
[公告] 八卦板主徵選規則修正&截止時間,ubcs,3/28,https://www.ptt.cc/bbs/Gossiping/M.1743146619.A.5A2.html,推,godiegroup,21：11,03/29 21:11
[公告] 八卦板主徵選規則修正&截止時間,ubcs,3/28,https://www.ptt.cc/bbs/Gossiping/M.1743146619.A.5A2.html,推,koreawargod,不可能啦 委任律師幹三小吃的,03/29 21:11
[公告] 八卦板主徵選規則修正&截止時間,ubcs,3/28,https://www.ptt.cc/bbs/Gossiping/M.1743146619.A.5A2.html,推,mysterious21,1D6H20M,03/29 21:43
[公告] 八卦板主徵選規則修正&截止時間,ubcs,3/28,https://www.ptt.cc/bbs/Gossiping/M.1743146619.A.5A2.html,推,sodistrues,6m,03/29 21:44
[公告] 八卦板主徵選規則修正&截止時間,ubcs,3/28,https://www.ptt.cc/bbs/Gossiping/M.1743146619.A.5A2.html,推,zangif,嗚嗚嗚,03/29 23:58
[公告] 八卦板主徵選規則修正&截止時間,ubcs,3/28,https://www.ptt.cc/bbs/Gossiping/M.1743146619.A.5A2.html,推,a000703,6M,03/29 23:58
[公告] 八卦板主徵選規則修正&截止時間,ubcs,3/28,https://www.ptt.cc/bbs/Gossiping/M.1743146619.A.5A2.html,推,brokenback3,了解,03/30 00:10
[公告] 八卦板主徵選規則修正&截止時間,ubcs,3/28,https://www.ptt.cc/bbs/Gossiping/M.1743146619.A.5A2.html,→,kourin,建設國家太難了，搞政敵簡單多了。,03/30 05:19
[公告] 八卦板主徵選規則修正&截止時間,ubcs,3/28,https://www.ptt.cc/bbs/Gossiping/M.1743146619.A.5A2.html,推,avada,推,03/30 08:57
[公告] 八卦板主徵選規則修正&截止時間,ubcs,3/28,https://www.ptt.cc/bbs/Gossiping/M.1743146619.A.5A2.html,推,dan5120,$$,03/30 10:21
[公告] 八卦板主徵選規則修正&截止時間,ubcs,3/28,https://www.ptt.cc/bbs/Gossiping/M.1743146619.A.5A2.html,推,mayzone,推,03/30 10:53
[公告] 八卦板主徵選規則修正&截止時間,ubcs,3/28,https://www.ptt.cc/bbs/Gossiping/M.1743146619.A.5A2.html,推,waitsun,推,03/30 11:21
[公告] 八卦板主徵選規則修正&截止時間,ubcs,3/28,https://www.ptt.cc/bbs/Gossiping/M.1743146619.A.5A2.html,噓,truechk,綠鴉還差不多,03/30 12:30
[公告] 八卦板主徵選規則修正&截止時間,ubcs,3/28,https://www.ptt.cc/bbs/Gossiping/M.1743146619.A.5A2.html,推,TDOO,好的,03/30 12:54
[公告] 八卦板主徵選規則修正&截止時間,ubcs,3/28,https://www.ptt.cc/bbs/Gossiping/M.1743146619.A.5A2.html,推,kurenai911,推,03/30 17:01
[公告] 八卦板主徵選規則修正&截止時間,ubcs,3/28,https://www.ptt.cc/bbs/Gossiping/M.1743146619.A.5A2.html,推,rose01,推,03/30 18:53
[公告] 八卦板主徵選規則修正&截止時間,ubcs,3/28,https://www.ptt.cc/bbs/Gossiping/M.1743146619.A.5A2.html,推,yylzvv,錢,03/30 20:43
[公告] 八卦板主徵選規則修正&截止時間,ubcs,3/28,https://www.ptt.cc/bbs/Gossiping/M.1743146619.A.5A2.html,推,jkl85621,錢,03/30 21:46
[公告] 八卦板主徵選規則修正&截止時間,ubcs,3/28,https://www.ptt.cc/bbs/Gossiping/M.1743146619.A.5A2.html,推,Tommy92C,有錢發的繼續連任吧,03/31 03:54
[公告] 八卦板主徵選規則修正&截止時間,ubcs,3/28,https://www.ptt.cc/bbs/Gossiping/M.1743146619.A.5A2.html,推,Dhack5321,辛苦了,03/31 09:25
[公告] 八卦板主徵選規則修正&截止時間,ubcs,3/28,https://www.ptt.cc/bbs/Gossiping/M.1743146619.A.5A2.html,推,MA40433,喔。這是屎缺,03/31 13:22
