,標題,時間,內容,類別,版名,文章ID,作者,IP,總留言數,留言內容,推推總數,噓聲總數,中立總數
0,[公告] 再次提醒大家不要交出實穿照,2017-05-30 22:31:49,"最近的各種檢舉信和悄悄話
已經多到一種....

我覺得多說無益的地步

請大家
除了真的認識的閨蜜

不 管 是 哪 一 位 網 友 向 你 要 照 片

  <span class=""f1 hl"">絕對不要交實穿照出去
</span><span class=""f1 hl"">
</span><span class=""f1 hl"">    絕對不要交實穿照出去
</span><span class=""f1 hl"">
</span><span class=""f1 hl"">      絕對不要交實穿照出去</span>


你永遠不知道這個ID的背後是誰",公告,underwear,M.1496154713.A.405,ffwind (培),61.230.145.192,102,"[{'type': '推', 'user': 'justoncetime', 'content': '可惡的亂板人 (#‵′)凸', 'ipdatetime': '05/30 22:50'}, {'type': '推', 'user': 'sukiyasuki', 'content': '看了這個公告讓我好害怕0.0感謝版主提醒，再次去撤照', 'ipdatetime': '05/30 22:52'}, {'type': '→', 'user': 'sukiyasuki', 'content': '片！', 'ipdatetime': '05/30 22:52'}, {'type': '推', 'user': 'zebra1986', 'content': '版主辛苦了！', 'ipdatetime': '05/30 23:01'}, {'type': '推', 'user': 'fakeID', 'content': '唉。', 'ipdatetime': '05/30 23:40'}, {'type': '→', 'user': 'jqk910', 'content': '無奈', 'ipdatetime': '05/30 23:50'}, {'type': '→', 'user': 'orgasm5566', 'content': '騷擾的人到底是存什麼心態啊，就不能單純欣賞內衣的', 'ipdatetime': '05/31 00:25'}, {'type': '→', 'user': 'orgasm5566', 'content': '美，給予真誠的讚美就好嗎，你們的舉動都正在一點一滴', 'ipdatetime': '05/31 00:26'}, {'type': '→', 'user': 'orgasm5566', 'content': '地澆熄板友的熱情與信任。一點都不尊重發文者，最後就', 'ipdatetime': '05/31 00:26'}, {'type': '→', 'user': 'orgasm5566', 'content': '是不會再有任何一篇心得文', 'ipdatetime': '05/31 00:26'}, {'type': '推', 'user': 'oldsummer', 'content': '高調', 'ipdatetime': '05/31 00:32'}, {'type': '推', 'user': 'milkyogurt', 'content': '感覺好可怕', 'ipdatetime': '05/31 01:27'}, {'type': '推', 'user': 'yorurin', 'content': '幫高調', 'ipdatetime': '05/31 08:06'}, {'type': '推', 'user': 'su06231112', 'content': '哎', 'ipdatetime': '05/31 08:15'}, {'type': '→', 'user': 'lookeye', 'content': '好誇張', 'ipdatetime': '05/31 08:24'}, {'type': '推', 'user': 'touchofgreen', 'content': '同意高潮5566~給予真誠的讚美就是對分享者最大的鼓', 'ipdatetime': '05/31 10:11'}, {'type': '→', 'user': 'touchofgreen', 'content': '勵！我還碰過裝女生的男生來信問我私密問題', 'ipdatetime': '05/31 10:12'}, {'type': '→', 'user': 'touchofgreen', 'content': '真的很無言！', 'ipdatetime': '05/31 10:13'}, {'type': '→', 'user': 'touchofgreen', 'content': '還碰過有女友/老婆的男生騷擾，我真的不懂都已經有', 'ipdatetime': '05/31 10:14'}, {'type': '→', 'user': 'touchofgreen', 'content': '另一半了還騷擾板上女生的居心到底是什麼？', 'ipdatetime': '05/31 10:14'}, {'type': '推', 'user': 'jqk910', 'content': '苦了一把青大了', 'ipdatetime': '05/31 10:30'}, {'type': '推', 'user': 'chuben', 'content': '變態...', 'ipdatetime': '05/31 10:30'}, {'type': '推', 'user': 'chupiggy', 'content': '高潮56自己也是男的吧，之前某篇還問板友網誌的密碼', 'ipdatetime': '05/31 10:36'}, {'type': '推', 'user': 'fakeID', 'content': '身為男生的我，也很難了解會想在這騷擾的同性在想什麼呢。', 'ipdatetime': '05/31 11:05'}, {'type': '推', 'user': 'orgasm5566', 'content': '我是男是女有很重要嗎，密碼至少我敢在推文問，我又沒', 'ipdatetime': '05/31 13:43'}, {'type': '→', 'user': 'orgasm5566', 'content': '有騷擾任何人，沒必要因為性別而去扣人家帽子(?', 'ipdatetime': '05/31 13:43'}, {'type': '→', 'user': 'purpleboy01', 'content': '很多男板友其實也只是欣賞啦 不是男生就有什麼意圖~', 'ipdatetime': '05/31 14:39'}, {'type': '→', 'user': 'purpleboy01', 'content': '騷擾的就超過了', 'ipdatetime': '05/31 14:40'}, {'type': '推', 'user': 'sukiyasuki', 'content': 'Orgasm大只是在推文中說想看而已啦～他知道原po只給女', 'ipdatetime': '05/31 14:53'}, {'type': '→', 'user': 'sukiyasuki', 'content': '生網誌密碼後連站內信也沒寄～他是內衣版很棒的支持', 'ipdatetime': '05/31 14:53'}, {'type': '→', 'user': 'sukiyasuki', 'content': '者！', 'ipdatetime': '05/31 14:53'}, {'type': '推', 'user': 'jiahueihong', 'content': '真的很討厭騷擾的人，我也被寄信是怎樣 XD', 'ipdatetime': '05/31 15:56'}, {'type': '推', 'user': 'bittywind', 'content': '所有願意分享的女生辛苦了，真的很討厭少數亂來的..', 'ipdatetime': '05/31 16:21'}, {'type': '推', 'user': 'seagirl715', 'content': '我想版主的意思應該不只是純粹有人會寄信騷擾，也要', 'ipdatetime': '05/31 18:13'}, {'type': '推', 'user': 'seagirl715', 'content': '擔心看起來是女生的帳號，畢竟我們不知道電腦前是誰', 'ipdatetime': '05/31 18:16'}, {'type': '→', 'user': 'seagirl715', 'content': '男生和女生不一樣,女生會手牽手去廁所或聊私人事情', 'ipdatetime': '05/31 18:16'}, {'type': '→', 'user': 'seagirl715', 'content': '這樣的習性可能讓男生偽裝成女生和我們互動,使女生', 'ipdatetime': '05/31 18:18'}, {'type': '→', 'user': 'seagirl715', 'content': '分享了自己穿內衣的美照,即便對方傳了內衣照回來,也', 'ipdatetime': '05/31 18:19'}, {'type': '→', 'user': 'seagirl715', 'content': '很可能是網路抓的,所以不論是看起來男性還是女性的帳', 'ipdatetime': '05/31 18:19'}, {'type': '→', 'user': 'seagirl715', 'content': '號,只要他是陌生的未見面的,都應當要當心!畢竟我們', 'ipdatetime': '05/31 18:20'}, {'type': '→', 'user': 'seagirl715', 'content': '不知道這個陌生帳號的背後是什麼樣子的人!', 'ipdatetime': '05/31 18:21'}, {'type': '→', 'user': 'touchofgreen', 'content': '我在板上發完文章後，有人寄信過來只寫了五個字', 'ipdatetime': '05/31 18:42'}, {'type': '→', 'user': 'touchofgreen', 'content': '「一把青好看」，我又不是在TaiwanDrama版發文', 'ipdatetime': '05/31 18:42'}, {'type': '→', 'user': 'touchofgreen', 'content': '令人哭笑不得XD', 'ipdatetime': '05/31 18:42'}, {'type': '推', 'user': 'purpleboy01', 'content': 'XDDDD', 'ipdatetime': '05/31 19:44'}, {'type': '推', 'user': 'aurora1859', 'content': '還好我都沒被騷擾過哈哈～', 'ipdatetime': '05/31 20:47'}, {'type': '推', 'user': 'Missnanako', 'content': '今天買了新內衣，本來想分享，但是想到上次發文的站內', 'ipdatetime': '05/31 22:08'}, {'type': '→', 'user': 'Missnanako', 'content': '信就覺得還是算了。', 'ipdatetime': '05/31 22:08'}, {'type': '推', 'user': 'SANDRAHO', 'content': '我也碰過要買舊內衣的男生，說要收藏…是有病嗎？！我', 'ipdatetime': '05/31 23:15'}, {'type': '→', 'user': 'SANDRAHO', 'content': '說我都穿到爛穿到破才丟…', 'ipdatetime': '05/31 23:15'}, {'type': '→', 'user': 'piqnts', 'content': '你們都太廢 只有我有辦法拿到看到 的心態吧', 'ipdatetime': '05/31 23:17'}, {'type': '推', 'user': 'GaNH3', 'content': '我也有遇過...超過兩年前po過實穿照結果被沒有ptt帳號的男', 'ipdatetime': '05/31 23:50'}, {'type': '→', 'user': 'GaNH3', 'content': '生找到我的臉書跑來私訊我說謝謝我的照片(?!)還說照片已經', 'ipdatetime': '05/31 23:51'}, {'type': '→', 'user': 'GaNH3', 'content': '流到某些社團/論壇(?)撤了也沒用QQ', 'ipdatetime': '05/31 23:51'}, {'type': '→', 'user': 'justoncetime', 'content': '如果不是照片加註ID得知,那傳播者可能是報復心態 唉', 'ipdatetime': '06/01 00:51'}, {'type': '推', 'user': 'mamajustgo', 'content': '看過他板對這裡的評論後，決定無法匿名的話，絕不發', 'ipdatetime': '06/01 01:46'}, {'type': '→', 'user': 'mamajustgo', 'content': '石川照，沒有盲腸總不會有盲腸炎XD', 'ipdatetime': '06/01 01:46'}, {'type': '推', 'user': 'coco15683', 'content': '想知道mama大說的評論~', 'ipdatetime': '06/01 02:27'}, {'type': '→', 'user': 'hsiao28', 'content': '樓樓上，板上有匿名帳可以使用喔', 'ipdatetime': '06/01 09:04'}, {'type': '推', 'user': 'touchofgreen', 'content': '想知道mama大說的評論～', 'ipdatetime': '06/01 10:55'}, {'type': '推', 'user': 'Ryuji', 'content': '在想應該跟之前表特版的情況類似，不想上表特的女生照片', 'ipdatetime': '06/01 11:35'}, {'type': '→', 'user': 'ffwind', 'content': '不好意思，在下也是表特板主 orz', 'ipdatetime': '06/01 11:40'}, {'type': '推', 'user': 'Ryuji', 'content': '被人po上表特版或是FB可連結觀賞的論壇～曝露其個人隱私', 'ipdatetime': '06/01 11:43'}, {'type': '→', 'user': 'Ryuji', 'content': '剛好我在工作回應…我也正想睡說我有發現妳也是表特版主', 'ipdatetime': '06/01 11:45'}, {'type': '推', 'user': 'Ryuji', 'content': '從上次有男姓裝女姓來版上想騙女生開群組求實穿照', 'ipdatetime': '06/01 11:55'}, {'type': '推', 'user': 'Ryuji', 'content': '自己身為男姓就該懂得尊重外，也要懂得避嫌～', 'ipdatetime': '06/01 11:57'}, {'type': '推', 'user': 'Ryuji', 'content': '自問當分享者用匿名分享，而自己無意間知道對方的隱私', 'ipdatetime': '06/01 11:59'}, {'type': '→', 'user': 'Ryuji', 'content': '換成是我自己，我真的會覺得渾身不自在…', 'ipdatetime': '06/01 12:00'}, {'type': '→', 'user': 'Ryuji', 'content': '分享是很好的事，但真的自己也要懂得保護好自己！', 'ipdatetime': '06/01 12:01'}, {'type': '推', 'user': 'mamajustgo', 'content': '大意是，沒有想約之流的意圖，怎麼會po姿態煽情的內', 'ipdatetime': '06/01 15:09'}, {'type': '→', 'user': 'mamajustgo', 'content': '衣照。因為那陣子板上確實有些尺度非常大方的照片出現', 'ipdatetime': '06/01 15:09'}, {'type': '→', 'user': 'mamajustgo', 'content': '，所以就覺得，算了，反正不是非po不可，不想給自己', 'ipdatetime': '06/01 15:09'}, {'type': '→', 'user': 'mamajustgo', 'content': '找麻煩XD', 'ipdatetime': '06/01 15:10'}, {'type': '→', 'user': 'jqk910', 'content': 'Po者無心，觀者有意吧', 'ipdatetime': '06/01 15:14'}, {'type': '推', 'user': 'touchofgreen', 'content': '女生看女生的內衣照 我只會覺得哇好美哦～', 'ipdatetime': '06/01 15:21'}, {'type': '→', 'user': 'touchofgreen', 'content': '果然兩性的腦袋組成大不相同XDDD', 'ipdatetime': '06/01 15:21'}, {'type': '推', 'user': 'justin61417', 'content': '推推', 'ipdatetime': '06/01 17:17'}, {'type': '推', 'user': 'acps89188', 'content': '難道那些人就不能安分守己，用欣賞的角度去看嗎？說真', 'ipdatetime': '06/02 00:36'}, {'type': '→', 'user': 'acps89188', 'content': '的只拍內衣照和實穿照，我也是希望有實穿照，能襯托出', 'ipdatetime': '06/02 00:36'}, {'type': '→', 'user': 'acps89188', 'content': '內衣的美（生火就很想買啊！剁手），不能當作一般試穿', 'ipdatetime': '06/02 00:36'}, {'type': '→', 'user': 'acps89188', 'content': '衣服看待嗎？一定要用有色角度去看嗎？那就都不要有麻', 'ipdatetime': '06/02 00:36'}, {'type': '→', 'user': 'acps89188', 'content': '豆穿內衣的廣告了', 'ipdatetime': '06/02 00:36'}, {'type': '推', 'user': 'mamajustgo', 'content': '啊！我目小，謝謝hs大～不過看起來被使用頻率不高？', 'ipdatetime': '06/02 00:41'}, {'type': '→', 'user': 'mamajustgo', 'content': '挫挫的XD我看石川照都在看透不透、會不會需要胸貼之', 'ipdatetime': '06/02 00:41'}, {'type': '→', 'user': 'mamajustgo', 'content': '類的，所以對我而言其實很實用啊……', 'ipdatetime': '06/02 00:41'}, {'type': '推', 'user': 'bake047', 'content': '還是只能冀望某些人自重囉', 'ipdatetime': '06/02 05:36'}, {'type': '推', 'user': 'spadej69171', 'content': 'Ga大  好可怕QQ', 'ipdatetime': '06/02 13:40'}, {'type': '→', 'user': 'sichi', 'content': '希望那些檢舉需要幫忙的  沒有半個是之前說點沒遮ok的', 'ipdatetime': '06/03 13:56'}, {'type': '→', 'user': 'sichi', 'content': '心得文  還是可以po啊  內衣照還是可以放啊  只要不是實穿', 'ipdatetime': '06/03 13:57'}, {'type': '→', 'user': 'sichi', 'content': '或是實穿  但是外加小可愛或T恤啊  還不是一樣可以', 'ipdatetime': '06/03 13:57'}, {'type': '推', 'user': 'almondchoco', 'content': '這些男的真的很噁心 想看情色照為何不去看A片啊？', 'ipdatetime': '06/08 22:51'}, {'type': '推', 'user': 'akiracomw', 'content': 'http://i.imgur.com/bEnXtFe.jpg   可以參考女性性版', 'ipdatetime': '06/18 18:42'}, {'type': '推', 'user': 'lookptt', 'content': '用匿名板貼啊', 'ipdatetime': '06/24 00:30'}, {'type': '推', 'user': 'zdlnmuyl', 'content': '唉…本來想分享這次網購的曼黛瑪蓮，看到這個…嗯，好哦', 'ipdatetime': '12/07 23:50'}, {'type': '推', 'user': 'imaclone', 'content': '請問是連沒有拍到臉的都不行嗎？', 'ipdatetime': '12/18 13:40'}, {'type': '→', 'user': 'chiinlin', 'content': '像isuck生理為女性', 'ipdatetime': '11/09 09:43'}, {'type': '推', 'user': 'paralupi', 'content': 'https://i.imgur.com/E9Zgh8L.jpg', 'ipdatetime': '11/14 17:34'}, {'type': '推', 'user': 'reya1017', 'content': '昨天剛發完文   早上就收到騷擾信  這些人是白癡嗎？', 'ipdatetime': '12/11 12:04'}, {'type': '推', 'user': 'AmerieBB', 'content': '小心有人會站內信先發自己的內衣照（可能是網路抓圖），', 'ipdatetime': '08/06 12:14'}, {'type': '→', 'user': 'AmerieBB', 'content': '然後說好奇妳穿xx牌的胸型可不可以傳圖給他看，請警覺。', 'ipdatetime': '08/06 12:14'}, {'type': '推', 'user': 'bibikklmm76', 'content': 'Chante', 'ipdatetime': '05/30 00:48'}, {'type': '→', 'user': 'rerun', 'content': 'swear 思薇爾', 'ipdatetime': '07/16 15:42'}]",48,0,54
1,[公告] 貼身衣物板板規 (2016/07/04),2016-07-04 18:30:45,"<span class=""hl"">◎愛惜帳號，累犯的定義若以分身帳號PO文亦同，將送ID_Multi。
</span><span class=""hl"">◎本板有匿名帳號 UNDERWEAR1 ，請各位多加利用。
</span><span class=""hl"">◎對判決有異議請在一週內來信，溝通未果請至L_BeautyCare申訴。
</span><span class=""hl"">◎板主對於板規所定義的違規推文，將直接刪除。</span>
<span class=""f3 hl"">一.尊重</span>
   1.1 文章內文/推文，禁止攻擊性字眼、鬧板，意淫文字或不尊重之用語。",公告,underwear,M.1467628247.A.1A7,ffwind (培),114.42.70.7,1,"[{'type': '推', 'user': 'CalmEarth', 'content': 'underwear 貼身衣物板板', 'ipdatetime': '02/03 15:15'}]",1,0,0
2,[公告] 贈送內衣僅限「全新」,2015-07-25 22:21:16,"<span class=""f3 hl"">六.贈送貼身衣物</span><span class=""f1 hl"">(必須全新)</span><span class=""f3 hl"">/相關優惠產品如折價券、兌換卷:</span>

↑ 其實這條板規歷史已經相當悠久了

這幾年沒有嚴格執行是因為...
什麼都漲只有薪水沒漲

之前只是請大家注意，會有男性索取女性的內衣
但是最近狀況又更多了

跟S板主討論過
既然一切都防不勝防，又有衛生上的考量
所以請大家配合

贈送貼身衣物，必須是全新品



                                underwear板關心您",公告,underwear,M.1437834079.A.11E,ffwind (培),118.168.153.184,18,"[{'type': '推', 'user': 'hahamaggie', 'content': 'YAHOO商城的Qmigirl有賣~ 不知有無符合你需求?', 'ipdatetime': '07/25 23:27'}, {'type': '→', 'user': 'hahamaggie', 'content': '推錯怎辦= =~~版主幫刪阿', 'ipdatetime': '07/25 23:28'}, {'type': '→', 'user': 'hahamaggie', 'content': 'yahoo商城的Qmi有賣蕾絲抹胸~不知是不是你要的?', 'ipdatetime': '07/25 23:29'}, {'type': '→', 'user': 'hahamaggie', 'content': '阿~還是推錯了 版主幫刪 拍謝', 'ipdatetime': '07/25 23:30'}, {'type': '推', 'user': 'misshe', 'content': '推版主', 'ipdatetime': '07/25 23:44'}, {'type': '推', 'user': 'dalala886', 'content': '推~~~~', 'ipdatetime': '07/26 00:09'}, {'type': '推', 'user': 'Tochter', 'content': '推板主認真', 'ipdatetime': '07/26 12:01'}, {'type': '推', 'user': 'blockhorse66', 'content': '推~我上次送比基尼也有男子來信索取 所以不意外', 'ipdatetime': '07/26 12:07'}, {'type': '推', 'user': 'PSYmt', 'content': '推版主～～', 'ipdatetime': '07/26 13:29'}, {'type': '推', 'user': 'lookeye', 'content': '推', 'ipdatetime': '07/26 18:27'}, {'type': '推', 'user': 'Hanneke', 'content': '推版主～', 'ipdatetime': '07/26 19:21'}, {'type': '推', 'user': 'z11372634', 'content': '推版主', 'ipdatetime': '07/26 21:54'}, {'type': '推', 'user': 'zxcvn', 'content': '推', 'ipdatetime': '07/27 02:11'}, {'type': '推', 'user': 'lintintin', 'content': '我給了男的收件人，信內說男友公司代收.忘記就沒感覺了', 'ipdatetime': '07/27 09:59'}, {'type': '→', 'user': 'hntrty', 'content': '推推', 'ipdatetime': '07/27 16:15'}, {'type': '→', 'user': 'ffwind', 'content': '真的太小了', 'ipdatetime': '03/26 00:16'}, {'type': '→', 'user': 'i1210', 'content': '可以限制不是全新的內衣 限制面交嗎 這樣可以看是不是女的', 'ipdatetime': '04/22 11:09'}, {'type': '推', 'user': 'pooh801119', 'content': '請問只有試穿不合size，這樣算全新可以贈送嗎？', 'ipdatetime': '06/28 16:16'}]",12,0,6
3,[公告] 匿名帳號發文及使用教學,2008-01-13 15:12:15,"        為了避免大家再受到不明人士的騷擾
        我們已經申請了匿名帳號

        UNDERWEAR1

        如果大家需要使用匿名帳號
        請直接以寄信的方式
        複製上面的帳號

        到主選單 (M)ail 私人信件區

             -&gt;  (S)end 站內寄信
　　　　　 　-&gt;  請輸入使用者代號：UNDERWEAR1
                 (把剛剛複製的帳號貼上)

　　　　　 　-&gt;  主題：
                 把你想要發表的文章類別及標題打上
　　　　　　　　 目前我們有六個類別　
                 1.問題 2.閒聊 3.討論 4.心得 5.推薦 6.情報

　　　　　　　   如果你想要回文
　　　　　　　　 文章類別可以加上[回文]
　　　　　　　　 後面再打上原文的標題即可
　　　　　　 -&gt;  打完文章後　請按[S]儲存
　　　　　　 -&gt;  已順利寄出，是否自存底稿(Y/N)？
　　　　　　　　 如需備份請按 Y

　　　　匿名帳號負責人收到信後　
　　　　最慢會在2天後把你的文章發表出來
        如果過了2天還沒有看到文章　
　　　　請再寄信給匿名帳號查詢

        請注意　回文的時候不要直接寄信回給匿名帳號了
　　　　謝謝大家的配合

                                         貼身衣物版版主spylover",公告,underwear,M.1200208336.A.567,spylover (赤地轉機),批踢踢實業坊(ptt.cc),22,"[{'type': '推', 'user': 'kkabcd', 'content': '早就該做了不是嗎?', 'ipdatetime': '01/13 15:34'}, {'type': '推', 'user': 'cocoasheep', 'content': '推一個~ SPY你辛苦了^^ 加油唷', 'ipdatetime': '01/13 17:03'}, {'type': '推', 'user': 'Motionless', 'content': '辛苦了。', 'ipdatetime': '01/13 17:22'}, {'type': '推', 'user': 'BKbaby', 'content': '辛苦了! ^^', 'ipdatetime': '01/13 21:08'}, {'type': '推', 'user': 'gomineko', 'content': '辛苦了～', 'ipdatetime': '01/14 00:25'}, {'type': '推', 'user': 'UNDERWEAR1', 'content': '不要寄違規文給我阿 〒△〒', 'ipdatetime': '01/15 03:55'}, {'type': '推', 'user': 'ethelin0807', 'content': '版主辛苦了', 'ipdatetime': '01/15 12:18'}, {'type': '推', 'user': 'FeiFei27', 'content': '辛苦了~用心的版主', 'ipdatetime': '01/16 22:02'}, {'type': '推', 'user': 'shareshieh', 'content': '版主真體貼', 'ipdatetime': '02/05 10:47'}, {'type': '推', 'user': 'vasary', 'content': '超讚的功能!!推一個板主用心!!!!', 'ipdatetime': '02/16 14:08'}, {'type': '推', 'user': 'dgrace0722', 'content': '推版主好用心!!', 'ipdatetime': '03/30 18:32'}, {'type': '推', 'user': 'kilating', 'content': '貼心的好版主哟^^', 'ipdatetime': '05/02 02:15'}, {'type': '推', 'user': 'jckin', 'content': '好貼心^^ 推推', 'ipdatetime': '10/29 01:46'}, {'type': '推', 'user': 'sapoten', 'content': 'aimer feel的鑽石舞孃該如何穿搭??', 'ipdatetime': '12/22 18:04'}, {'type': '→', 'user': 'sapoten', 'content': '冏   我本來要發文的... 對不起 Q_Q', 'ipdatetime': '12/22 18:05'}, {'type': '推', 'user': 'ckwwen', 'content': '請問有人在穿EASY SHOP的內衣嗎?', 'ipdatetime': '04/13 21:56'}, {'type': '推', 'user': 'ckwwen', 'content': '對不起~按錯了= =', 'ipdatetime': '04/13 22:10'}, {'type': '推', 'user': 'larc636', 'content': '好貼心~超棒的', 'ipdatetime': '11/05 14:23'}, {'type': '推', 'user': 'cathy0938', 'content': '超貼心的', 'ipdatetime': '12/03 14:04'}, {'type': '推', 'user': 'pinkstar801', 'content': '好貼心又好實用~謝謝你唷:)', 'ipdatetime': '05/08 17:54'}, {'type': '推', 'user': 'amigo543', 'content': '版主辛苦了', 'ipdatetime': '10/10 00:50'}, {'type': '推', 'user': 'Konanson', 'content': 'w+/w+', 'ipdatetime': '07/24 23:01'}]",21,0,1
4,Fw: [情報] 士林曼黛瑪璉內衣特賣~內衣2件900起,2022-02-25 22:53:10,"
作者: sisy1017 (西西) 看板: Actuary
標題: [情報] 士林曼黛瑪璉內衣特賣~內衣2件900起
時間: Fri Feb 25 22:52:58 2022

是否為店家分享文：是


店        家：曼黛瑪璉內衣特賣


日 期／時 間：即日起~111/3/27 11：00~21：00


地        點：台北市士林區中正路174號（捷運士林站1號出口）


來源 or 網址：<a href=""https://reurl.cc/3jmQNV"" rel=""noreferrer noopener nofollow"" target=""_blank"">https://reurl.cc/3jmQNV</a>


內容 or 商品：

<a href=""https://pic.pimg.tw/sisy1017/1642087380-2708514692-g.jpg"" rel=""noreferrer noopener nofollow"" target=""_blank"">https://pic.pimg.tw/sisy1017/1642087380-2708514692-g.jpg</a>

<a href=""https://pic.pimg.tw/sisy1017/1645742287-2232141547-g.jpg"" rel=""noreferrer noopener nofollow"" target=""_blank"">https://pic.pimg.tw/sisy1017/1645742287-2232141547-g.jpg</a>

<a href=""https://pic.pimg.tw/sisy1017/1643819626-4266214840-g.jpg"" rel=""noreferrer noopener nofollow"" target=""_blank"">https://pic.pimg.tw/sisy1017/1643819626-4266214840-g.jpg</a>

<a href=""https://pic.pimg.tw/sisy1017/1645741642-832003374-g.jpg"" rel=""noreferrer noopener nofollow"" target=""_blank"">https://pic.pimg.tw/sisy1017/1645741642-832003374-g.jpg</a>

曼黛瑪璉內衣特賣來士林囉！

Hibra、雙弧、無鋼圈內衣特價2件900元、小褲6件1000元！

暢銷組內衣1套960元、2套1680元！

熱賣組正品降價2套2080元！

當季正品8折，滿萬75折！滿額再送好禮！

現場也有大尺寸罩杯，最大到100H哦！

也可用紙本五倍券！",情報,underwear,M.1645800791.A.86A,sisy1017 (西西),(臺灣),0,[],0,0,0
5,[心得] 終於入手人生第一套莎露了,2022-02-23 23:43:48,"在板上被燒到莎露好一陣子了，但因為價位問題遲遲沒有入手
前一陣子去百貨公司逛街的時候，剛好看到莎露的櫃位，於是想著剛發年終獎金就進去說穿
了XDD
總共試穿了三套，櫃姐有介紹款式，但我沒記住，就麻煩板友補充了

我試穿的尺寸是80G和85F，二個size穿起來感覺差不多
簡單說一下心得，莎露的內衣包覆性超好，穩定度也很夠，尤其上面的刺繡真的美得不要不
要的


以下有實穿照
第一套和第二套是同一個款式，只是顏色不同，我最終入手紫色這套
<a href=""https://i.imgur.com/bi4cNHL.jpg"" rel=""noreferrer noopener nofollow"" target=""_blank"">https://i.imgur.com/bi4cNHL.jpg</a>
<a href=""https://i.imgur.com/sFygLP1.jpg"" rel=""noreferrer noopener nofollow"" target=""_blank"">https://i.imgur.com/sFygLP1.jpg</a>

<a href=""https://i.imgur.com/zZWNW3o.jpg"" rel=""noreferrer noopener nofollow"" target=""_blank"">https://i.imgur.com/zZWNW3o.jpg</a>
<a href=""https://i.imgur.com/W5PBGMn.jpg"" rel=""noreferrer noopener nofollow"" target=""_blank"">https://i.imgur.com/W5PBGMn.jpg</a>
上面的花刺繡真的很精緻

第三套顏色比較跳，跟上一篇suki大的53花色很像，我也很喜歡這套，不過礙於預算決定等
下次有機會再帶回家了
<a href=""https://i.imgur.com/s1DQptz.jpg"" rel=""noreferrer noopener nofollow"" target=""_blank"">https://i.imgur.com/s1DQptz.jpg</a>
<a href=""https://i.imgur.com/YfvhW3o.jpg"" rel=""noreferrer noopener nofollow"" target=""_blank"">https://i.imgur.com/YfvhW3o.jpg</a>

這次買一套打完折5,200左右，看到日本網站價格只有一半真的超心動的",心得,underwear,M.1645631030.A.F7A,hjkl369 (hjkl369),(臺灣),16,"[{'type': '推', 'user': 'yalisa61037', 'content': '美美的', 'ipdatetime': '02/23 23:52'}, {'type': '推', 'user': 'wenyu66', 'content': '真的都很美欸 不能再看了嗚嗚嗚 好想買', 'ipdatetime': '02/24 00:23'}, {'type': '推', 'user': 'sd929598', 'content': '感覺穿起來會刺刺的', 'ipdatetime': '02/24 01:27'}, {'type': '推', 'user': 'mocc', 'content': '*\\(^o^)/*', 'ipdatetime': '02/24 09:23'}, {'type': '推', 'user': 'Valentine17', 'content': '樓樓上sd 大 莎露的蕾絲真的穿起來不會刺！這大概也', 'ipdatetime': '02/24 12:15'}, {'type': '→', 'user': 'Valentine17', 'content': '是為什麼可以賣這麼貴的原因XD', 'ipdatetime': '02/24 12:15'}, {'type': '推', 'user': 'r40296', 'content': '有了第一套就會有第三套第四套～', 'ipdatetime': '02/24 12:42'}, {'type': '推', 'user': 'pchome0503', 'content': '符合我要的尺寸 又是華麗的龍袍內衣～', 'ipdatetime': '02/24 13:13'}, {'type': '→', 'user': 'hjkl369', 'content': '莎露穿起來真的完全不刺，非常親膚，再加上版型很適合我', 'ipdatetime': '02/24 15:51'}, {'type': '→', 'user': 'hjkl369', 'content': '，所以覺得錢花得值得', 'ipdatetime': '02/24 15:51'}, {'type': '推', 'user': 'sodahaini', 'content': '粉色的好美好春天', 'ipdatetime': '02/24 22:21'}, {'type': '推', 'user': 'alpha6eta', 'content': '刺繡好美喔，原po穿起來超美。', 'ipdatetime': '02/24 22:49'}, {'type': '→', 'user': 'mavis825', 'content': '2、3套好美', 'ipdatetime': '02/25 10:19'}, {'type': '推', 'user': 'liberating', 'content': '這肩帶應該外露也很漂亮 我如果不穿內衣會垂 但夏天', 'ipdatetime': '02/25 15:39'}, {'type': '→', 'user': 'liberating', 'content': '一來真的想細肩帶直接穿出門', 'ipdatetime': '02/25 15:39'}, {'type': '→', 'user': 'standby', 'content': '每套都好美!', 'ipdatetime': '02/26 11:49'}]",10,0,6
6,"[心得] 莎露貝殼杯三系列 22, 46, 53",2022-02-23 14:24:08,"內衣品牌：莎露 Salute

品名或型號：22, 46, 53

心得：


以下依標題介紹，大家可按照標題去看想看的部分。


<span class=""f3 hl"">年份：</span>
22 系列：2020 春夏
46 系列：2021 春夏
53 系列：2021 秋冬

<span class=""f3 hl"">名稱介紹：</span>
莎露貝殼杯有個專屬名字：front-X (フロント-X)
這是個日式英文，是指在正面的杯型設計低脊心，讓胸部有很美的溝，這溝有如 X 般交
叉在胸前。

<span class=""f3 hl"">數字系列別：</span>
莎露每季（一年兩季，春夏 &amp; 秋冬）都會出 6、7 款。
其中包含：
1. 較素面基本款（0 結尾）
2. 兩款頂級款（2結尾、店舖限定9結尾）
3. 也是鮮豔多彩刺繡的款 (3 結尾）
4. 還算鮮豔我不太會定義的款（6 結尾）
5. 日本設計中國製作，刺繡較不鮮豔（7 結尾）

數字結尾對應款式類型的模式會變，我猜大概是五年一輪。像是過去五年的頂級款是 4,
8, 9 結尾，從2021 秋冬開始反而變成 2, 9 結尾。


<span class=""f3 hl"">杯型系列別：</span>
每季的每款基本上都是出最基本熱賣的 Push-up 杯型。再搭配每系列會附上額外一個～
兩個杯型。
額外的杯型像是：
<span class=""f2 hl"">蝴蝶結杯型</span> (ribbon bra) 、<span class=""f2 hl"">貝殼杯</span> (front-x)、<span class=""f2 hl"">rich veil</span> 杯（背後袋改為全蕾絲，僅
限日本店鋪販售）、<span class=""f2 hl"">女優杯型</span>（中間脊心較高）、<span class=""f2 hl"">大罩杯款全罩</span>。
並非每系列都會出其他杯型，似乎是看設計而有所搭配。
通常是每季只會有一款以上提到的額外杯型，而幾乎每系列都是 push-up 這個經典杯型
。
這是我個人觀察，有誤也歡迎提出討論！


我以前都只買經典杯型 push-up, 是某次心血來潮買了貝殼覺得不錯，所以後來遇到喜歡
的設計時，就會加減買進來～


<span class=""f3 hl"">我的內衣介紹：</span>
接下來就直接介紹這三系列了！
其實貝殼杯版型都是一模一樣，只差在外型是否喜歡。身為內衣狂熱者，只要是遇到喜歡
的設計，我都會找適當時機買下！

這三款每個都有出道四種顏色，其中 22 我買過兩色，46 買了兩色，53 買了一色。

<span class=""f3 hl"">實品圖</span>（皆為網路上抓的圖片）：
<a href=""https://i.imgur.com/h87fQBY.jpg"" rel=""noreferrer noopener nofollow"" target=""_blank"">https://i.imgur.com/h87fQBY.jpg</a>
<a href=""https://i.imgur.com/Gb6KCj9.jpg"" rel=""noreferrer noopener nofollow"" target=""_blank"">https://i.imgur.com/Gb6KCj9.jpg</a>
<a href=""https://i.imgur.com/6bY6cjK.jpg"" rel=""noreferrer noopener nofollow"" target=""_blank"">https://i.imgur.com/6bY6cjK.jpg</a>

<span class=""f3 hl"">我的實穿：</span>
<span class=""f2 hl"">22 紫：</span>
穿著尺寸 70E, 小丁 M
<a href=""https://i.imgur.com/jfkW4CQ.jpg"" rel=""noreferrer noopener nofollow"" target=""_blank"">https://i.imgur.com/jfkW4CQ.jpg</a>
<a href=""https://i.imgur.com/p7dv93z.jpg"" rel=""noreferrer noopener nofollow"" target=""_blank"">https://i.imgur.com/p7dv93z.jpg</a>
<a href=""https://i.imgur.com/Tnu05Pc.jpg"" rel=""noreferrer noopener nofollow"" target=""_blank"">https://i.imgur.com/Tnu05Pc.jpg</a>

<span class=""f2 hl"">22 綠：</span>
穿著尺寸 70E, 小丁 M
<a href=""https://i.imgur.com/KITUdkT.jpg"" rel=""noreferrer noopener nofollow"" target=""_blank"">https://i.imgur.com/KITUdkT.jpg</a>
<a href=""https://i.imgur.com/WZsxBZz.jpg"" rel=""noreferrer noopener nofollow"" target=""_blank"">https://i.imgur.com/WZsxBZz.jpg</a>

<span class=""f2 hl"">46 白：</span>
穿著尺寸 70D, 小丁 M
<a href=""https://i.imgur.com/NKtGuwA.jpg"" rel=""noreferrer noopener nofollow"" target=""_blank"">https://i.imgur.com/NKtGuwA.jpg</a>
<a href=""https://i.imgur.com/UN3QNhq.jpg"" rel=""noreferrer noopener nofollow"" target=""_blank"">https://i.imgur.com/UN3QNhq.jpg</a>
<a href=""https://i.imgur.com/wQr3iK8.jpg"" rel=""noreferrer noopener nofollow"" target=""_blank"">https://i.imgur.com/wQr3iK8.jpg</a>
<a href=""https://i.imgur.com/Lbi2jzI.jpg"" rel=""noreferrer noopener nofollow"" target=""_blank"">https://i.imgur.com/Lbi2jzI.jpg</a>

<span class=""f2 hl"">46 黑：</span>
穿著尺寸 70D, 小丁 M
<a href=""https://i.imgur.com/ePWxdsq.jpg"" rel=""noreferrer noopener nofollow"" target=""_blank"">https://i.imgur.com/ePWxdsq.jpg</a>
<a href=""https://i.imgur.com/SwdgUAC.jpg"" rel=""noreferrer noopener nofollow"" target=""_blank"">https://i.imgur.com/SwdgUAC.jpg</a>

<span class=""f2 hl"">53 黑：</span>
穿著尺寸 70D, 小丁 M
<a href=""https://i.imgur.com/FAiBip3.jpg"" rel=""noreferrer noopener nofollow"" target=""_blank"">https://i.imgur.com/FAiBip3.jpg</a>
<a href=""https://i.imgur.com/p91LCrd.jpg"" rel=""noreferrer noopener nofollow"" target=""_blank"">https://i.imgur.com/p91LCrd.jpg</a>
<a href=""https://i.imgur.com/bBjlfKb.jpg"" rel=""noreferrer noopener nofollow"" target=""_blank"">https://i.imgur.com/bBjlfKb.jpg</a>

<span class=""f3 hl"">舒服度：</span>
舒服度是因人而異的。我自己則是穿了莎露、Trefle 的日製內衣後，就完全回不去台灣
黛安芬、華歌爾、曼黛等高脅邊高背後的緊緊內衣了。

莎露內衣就是厲害在設計美、材質好、低側邊，可以不像穿著馬甲的束縛，卻能兼具好看
、舒服、完全不刺癢的特色。戰鬥、日常穿都適合。
穿起來的感受，跟台灣的造溝紅牌 Q 可說是大相徑庭。 Q 好看，但是買過一次後，我再
也不買了...穿起來非常不舒服，硬、不服貼，只適合戰鬥用，無法平日穿。

所以這就是為何很多人回不去台灣內衣的原因。但相對的也反映在價格上，關於這點，就
要買的精買的巧啦！

<span class=""f3 hl"">尺寸選擇：</span>
櫃姐會建議要拿比平常莎露大一杯，所以最初兩件我買了 70E (前兩套實穿）。

看起來沒問題，但實際上我覺得面積太大，胸部兩側變得好寬、面積大的布料也讓我覺得
好重。
所以下一件我試著買了跟平常一樣的 70D，穿起來效果差不多，大胸那邊很爆乳，要把噴
出來的點點塞回去。而整體罩杯面積較小，也不會有側邊太寬的問題。

所以呀，貝殼杯還是建議大家去櫃上試試，兩個尺碼選你比較喜歡的穿著感！

<span class=""f3 hl"">購買方式 ＆ 價格：</span>
莎露我幾乎都是日本樂天 shirohato 店鋪購買的（購買方式我的網誌有寫），當太晚買
、尺寸賣光時，我才會到台灣櫃上買。

<span class=""f2 hl"">日本樂天 shirohato 價錢：</span>
成套價大約 <span class=""f1 hl"">2500</span> 台幣（不含運費、未使用折扣券情形）
內衣不含稅 9000日幣、內褲 4750 日幣

<span class=""f2 hl"">台灣專櫃價格：</span>
成套價大約 <span class=""f1 hl"">5000 多</span>台幣
內衣吊牌價 4080 台幣、內褲 1880
5000 多是我扣掉櫃上應該會有的折扣。

<span class=""f3 hl"">個人心得：</span>
其實以前對貝殼杯是還好的，想說不用特別追求溝溝。但因爲男友很愛貝殼杯，所以我最
近開始買比較多。

他本身是個莎露愛好者，看到平常的莎露就很興奮了，而看到貝殼杯近乎抓狂。

再分享個小撇步：
貝殼杯儘量買深色的，再搭配大腿襪，非常無敵，男生會愛死！但可不能天天這樣穿，這
樣會把對方的胃口養大。

我一直以來的心態都是買漂亮內衣是自己穿開心，但老實説...

有個也熱愛內衣的男友真棒，超棒。他會用很享受、很激情的眼神看著妳，一邊看一邊說
著好美，再把頭一直埋在貝殼杯推出來的溝前面狂吸狂親。接著又是纏綿的一夜啦！

先這樣，大家也快去買貝殼杯！掰掰～",心得,underwear,M.1645597450.A.A3D,sukiyasuki (すき家大好き),(臺灣),30,"[{'type': '推', 'user': 'jd21', 'content': '很好看 很性福', 'ipdatetime': '02/23 15:12'}, {'type': '推', 'user': 'riesz0505', 'content': '深色是大辣～～suki大胸型好美好好看！想問如果是上', 'ipdatetime': '02/23 16:01'}, {'type': '→', 'user': 'riesz0505', 'content': '胸偏無肉的軟奶適合嗎？謝謝！', 'ipdatetime': '02/23 16:01'}, {'type': '推', 'user': 'blueskyj1023', 'content': '這幾件都好好看~看來要花大錢買了', 'ipdatetime': '02/23 17:04'}, {'type': '推', 'user': 'Valentine17', 'content': '推推suki大！貝殼杯真的好美', 'ipdatetime': '02/23 17:58'}, {'type': '推', 'user': 'wenyu66', 'content': '喔天哪真的好美 內衣好美 suki大也好辣 好燒希望有機會', 'ipdatetime': '02/23 18:06'}, {'type': '→', 'user': 'wenyu66', 'content': '能去日本買QQ 台灣好貴', 'ipdatetime': '02/23 18:06'}, {'type': '推', 'user': 'r40296', 'content': '本來對46無感，後來看你分享46實穿，直接下單了XD', 'ipdatetime': '02/23 18:15'}, {'type': '推', 'user': 'ki0107k', 'content': '只能推了 羨慕', 'ipdatetime': '02/23 18:22'}, {'type': '推', 'user': 'smallsun0810', 'content': '看到sukiya 推就對了', 'ipdatetime': '02/23 22:15'}, {'type': '推', 'user': 'hjkl369', 'content': '我也超愛莎露的！看來要來研究怎麼從日本購買了', 'ipdatetime': '02/23 22:16'}, {'type': '推', 'user': 'rerun', 'content': '有夠繽紛', 'ipdatetime': '02/23 22:26'}, {'type': '推', 'user': 'sus304', 'content': '美，黑色好看', 'ipdatetime': '02/23 23:20'}, {'type': '推', 'user': 'yalisa61037', 'content': '超美 身材好好', 'ipdatetime': '02/23 23:48'}, {'type': '推', 'user': 'aappllee', 'content': '46台灣沒有進QQ不然我好喜歡白色那套啊！', 'ipdatetime': '02/24 00:46'}, {'type': '推', 'user': 'ponanchen', 'content': '這個好看！又性感', 'ipdatetime': '02/24 01:03'}, {'type': '推', 'user': 'purplecircle', 'content': '太性感了！身材超好', 'ipdatetime': '02/24 07:27'}, {'type': '推', 'user': 'kakukoi', 'content': '非常性感', 'ipdatetime': '02/24 07:28'}, {'type': '推', 'user': 'kiss377017', 'content': '漂亮', 'ipdatetime': '02/24 10:12'}, {'type': '推', 'user': 'justin61417', 'content': '超美 扯爆', 'ipdatetime': '02/24 10:48'}, {'type': '推', 'user': 'pchome0503', 'content': '抱歉 美的太不實際了XD', 'ipdatetime': '02/24 13:15'}, {'type': '推', 'user': 'sunnny', 'content': '22綠超美', 'ipdatetime': '02/24 13:50'}, {'type': '推', 'user': 'ie975249', 'content': '蠻美的', 'ipdatetime': '02/24 20:03'}, {'type': '推', 'user': 'PTJobKing', 'content': '真的很美', 'ipdatetime': '02/24 20:42'}, {'type': '推', 'user': 'sodahaini', 'content': '感覺被擠得很大力 很好奇舒適度', 'ipdatetime': '02/24 22:18'}, {'type': '推', 'user': 'mavis825', 'content': '22綠跟53黑好吸眼', 'ipdatetime': '02/25 10:17'}, {'type': '推', 'user': 'chienwei0825', 'content': '好好看 可是沒錢買這麼貴的給女友..', 'ipdatetime': '02/25 15:07'}, {'type': '推', 'user': 'metaphorist', 'content': '美翻了！！！', 'ipdatetime': '02/26 04:06'}, {'type': '→', 'user': 'standby', 'content': '很美!! 身材好羨慕QQ', 'ipdatetime': '02/26 11:50'}, {'type': '推', 'user': 'irenejain', 'content': '推suki大！你每次推薦的款式都好穿又好看！！！', 'ipdatetime': '02/26 22:19'}]",27,0,3
7,[贈送] 兩件肩帶可拆(E70&D75)內衣,2022-02-17 14:54:29,"

1. E70深藍色花邊肩帶可拆

<a href=""https://i.imgur.com/0Ep25Gm.jpg"" rel=""noreferrer noopener nofollow"" target=""_blank"">https://i.imgur.com/0Ep25Gm.jpg</a>

<a href=""https://i.imgur.com/VR2JMCo.jpg"" rel=""noreferrer noopener nofollow"" target=""_blank"">https://i.imgur.com/VR2JMCo.jpg</a>


2. D75深紫色肩帶可拆

<a href=""https://i.imgur.com/OO01w40.jpg"" rel=""noreferrer noopener nofollow"" target=""_blank"">https://i.imgur.com/OO01w40.jpg</a>

<a href=""https://i.imgur.com/I6RbHqt.jpg"" rel=""noreferrer noopener nofollow"" target=""_blank"">https://i.imgur.com/I6RbHqt.jpg</a>

這兩件是前幾年去泰國時購買，一直沒機會穿平口上衣搭配，希望有緣人帶走。
意者請來信，寄送方式限全家或7-11店到店，需負擔郵資60元。
謝謝!",贈送,underwear,M.1645080871.A.0BD,straygirl (流浪去~),(臺灣),0,[],0,0,0
8,[問題] 黛安芬專櫃哪邊比較多運動內衣?,2022-02-13 13:44:10,"之前要不就穿硬鋼圈運動,要不就不穿內衣
前者很不舒服拉伸不開
後者覺得胸部很晃
想去買運動內衣
聽我表妹說黛安芬的不錯
我有去信義區的百貨公司試穿
覺得整體舒服很多
但問題是它只有一款
款式顏色都沒得選
另外我生理期的時候胸部會脹一點
現在試穿就已經快壓胸了
生理期前胸和腋下斜上會更繃
所以就想拿大一號的也試試看
(畢竟一件那麼貴,完全沒打折,尺寸試明白了再選比較恰當)
但已經沒有大一號尺寸可以試了

但我爬版看到之前好多網友分享,黛安芬櫃上很多運動內衣
我已經十幾年都沒去過黛安芬
不知道是不是黛安芬專櫃本身有區分
以內衣為主  和以運動內衣為主這樣?
還有一些市場裡的店面專櫃
會有運動內衣嗎?
太久沒逛街的女人很懵

ps.運動背心看起來也不錯
也有罩杯
然而我下胸圍太小,它沒有被扣可以調整
完全就空著晃蕩在那邊",問題,underwear,M.1644731052.A.983,endflower (endflower),(臺灣),8,"[{'type': '推', 'user': 'sunnny', 'content': 'sloggi會另外有櫃，可以問看看', 'ipdatetime': '02/14 01:07'}, {'type': '→', 'user': 'hsnufuji', 'content': '運動內衣我推運動品牌的', 'ipdatetime': '02/14 12:55'}, {'type': '→', 'user': 'fuuyoku', 'content': '近期去黛安芬櫃上運動內衣好像一般只放新款，特賣比較多', 'ipdatetime': '02/15 12:53'}, {'type': '推', 'user': 'fuuyoku', 'content': '百貨內sloggi跟黛安芬是分開的，一般門市黛/蕾/s都有', 'ipdatetime': '02/15 12:58'}, {'type': '推', 'user': 'sunnny', 'content': '百貨內黛和S會分開，而且有點還分很遠不會在隔壁，我第一', 'ipdatetime': '02/17 16:37'}, {'type': '→', 'user': 'sunnny', 'content': '次買S家跑去黛的櫃上，店員人很好還告訴我S櫃點在哪裡', 'ipdatetime': '02/17 16:38'}, {'type': '→', 'user': 'endflower', 'content': '真的,買不熟的內衣都會搞不清狀況,很多衣服也是同集團', 'ipdatetime': '02/18 17:47'}, {'type': '→', 'user': 'endflower', 'content': '不同櫃,有時候真的隔超遠~', 'ipdatetime': '02/18 17:48'}]",3,0,5
9,Fw: [情報] 台北天絲寢具、Lady內衣特賣會,2022-02-11 22:17:47,"
作者: sisy1017 (西西) 看板: Actuary
標題: [情報] 台北天絲寢具、Lady內衣特賣會
時間: Fri Feb 11 22:17:33 2022

是否為店家分享文：是


店        家：多利寶寢具寢飾、Lady內衣


日 期／時 間：即日起~111/2/24 11：00~21：00


地        點：台北市內湖區內湖路一段318號（近捷運西湖站2號出口）


來源 or 網址：<a href=""https://reurl.cc/2DQ8Gn"" rel=""noreferrer noopener nofollow"" target=""_blank"">https://reurl.cc/2DQ8Gn</a>


內容 or 商品：

<a href=""https://pic.pimg.tw/sisy1017/1644457570-552627664-g.jpg"" rel=""noreferrer noopener nofollow"" target=""_blank"">https://pic.pimg.tw/sisy1017/1644457570-552627664-g.jpg</a>

<a href=""https://pic.pimg.tw/sisy1017/1626834127-956641223-g_n.jpg"" rel=""noreferrer noopener nofollow"" target=""_blank"">https://pic.pimg.tw/sisy1017/1626834127-956641223-g_n.jpg</a>

<a href=""https://pic.pimg.tw/sisy1017/1644462196-4289544284-g.jpg"" rel=""noreferrer noopener nofollow"" target=""_blank"">https://pic.pimg.tw/sisy1017/1644462196-4289544284-g.jpg</a>

<a href=""https://pic.pimg.tw/sisy1017/1644464523-309380358-g.jpg"" rel=""noreferrer noopener nofollow"" target=""_blank"">https://pic.pimg.tw/sisy1017/1644464523-309380358-g.jpg</a>

台北Lady內衣、多利寶寢飾大特價！

法式刺繡、皇室情人內衣、闇黑天使、X情人只要999元，

燦亮星影調整型買一送一、無鋼圈夢幻天使買二送一或買三送二、

當季正品、運動內衣滿3500元現折600，等同只要83折！，

現場還有塑衣999元、塑褲399元，

Lady精品內衣會員招募，現在加入Ocard會員就送刮刮卡集點，

點數還可抵購物金，

多利天絲床包二用被組2280元、純棉床包組899元，

頂級60支天絲床包二用被組3680元、

100％純羊毛被1980元、二件3200元、

記憶枕、乳膠枕990元買一送一、

兒童睡袋1480元、兒童乳膠枕399元，

真的超好買！",情報,underwear,M.1644589068.A.AB5,sisy1017 (西西),(臺灣),0,[],0,0,0
10,[問題] 復古蕾絲馬甲,2022-02-10 22:44:56,"<span class=""hl"">看了下女的誘惑
</span><span class=""hl"">裡面的服裝真的美
</span><span class=""hl"">其中ㄧ幕兩人互幫脫馬甲
</span><span class=""hl"">那種蕾絲馬甲正是我心目中尋尋覓覓的款式
</span><span class=""hl"">如果有人知道哪裡有賣類似款式
</span><span class=""hl"">懇請賜我連結
</span><span class=""hl"">感謝
</span><span class=""hl"">
</span><span class=""hl""><a href=""https://i.imgur.com/BvJjYtb.jpg"" rel=""noreferrer noopener nofollow"" target=""_blank"">https://i.imgur.com/BvJjYtb.jpg</a>
</span><span class=""hl""><a href=""https://i.imgur.com/1lzw3xc.jpg"" rel=""noreferrer noopener nofollow"" target=""_blank"">https://i.imgur.com/1lzw3xc.jpg</a>
</span><a href=""https://i.imgur.com/UsuYtNZ.jpg"" rel=""noreferrer noopener nofollow"" target=""_blank""><span class=""hl"">https://i.imgur.com/UsuYtNZ.jpg</span></a>",問題,underwear,M.1644504298.A.1F6,emt189 (kate),(臺灣),10,"[{'type': '推', 'user': 'ruriko30y', 'content': '關鍵字是corset，日文是コルセット，我買過日本洋裝品', 'ipdatetime': '02/11 00:27'}, {'type': '→', 'user': 'ruriko30y', 'content': '牌的馬甲，布料加魚骨鋼板前扣真的很重', 'ipdatetime': '02/11 00:27'}, {'type': '推', 'user': 'ie975249', 'content': 'https://reurl.cc/Wk06AL', 'ipdatetime': '02/11 08:46'}, {'type': '→', 'user': 'ie975249', 'content': 'https://reurl.cc/e6MRMx', 'ipdatetime': '02/11 08:46'}, {'type': '→', 'user': 'ie975249', 'content': '附兩個淘寶的給你，關鍵字下宮廷馬甲比較會是你要的，不', 'ipdatetime': '02/11 08:47'}, {'type': '→', 'user': 'ie975249', 'content': '過，這種綁帶的馬甲，如果又有塑身效果的，比較沒彈性，', 'ipdatetime': '02/11 08:48'}, {'type': '→', 'user': 'ie975249', 'content': '魚骨也會比較多，穿起來很不舒服，蠻虐的，所以有時候會', 'ipdatetime': '02/11 08:49'}, {'type': '→', 'user': 'ie975249', 'content': '在 SM 的分類底下看到。', 'ipdatetime': '02/11 08:50'}, {'type': '推', 'user': 'boozycat', 'content': '俄羅斯烏克蘭那邊手工訂製的獨立品牌馬甲蠻多家的，可以', 'ipdatetime': '02/27 08:24'}, {'type': '→', 'user': 'boozycat', 'content': '去ig或Etsy逛逛詢問賣家', 'ipdatetime': '02/27 08:24'}]",3,0,7
11,[問題] 想問大家有買過Ladyme的內衣嗎,2022-02-05 20:49:22,"最近過年想買新內衣
看到Facebook會呼吸的內衣 Ladyme蠻心動的
但本人是大D小E不知道會不會不好穿
請大家給予心得
感謝",問題,underwear,M.1644065364.A.A41,fenny9494 (擁抱自由),(臺灣),6,"[{'type': '→', 'user': 'rerun', 'content': '今天在等公車時看到車廂外廣告', 'ipdatetime': '02/10 21:14'}, {'type': '推', 'user': 'elsa09', 'content': '個人覺得包覆集中，但四排扣不太習慣，穿久些許難呼吸', 'ipdatetime': '02/12 19:31'}, {'type': '推', 'user': 'j326', 'content': '穿一個月目前都覺得包覆集中，無鋼圈這樣真的滿厲害，不會有', 'ipdatetime': '02/17 02:14'}, {'type': '→', 'user': 'j326', 'content': '樓上覺得難呼吸的感覺，建議可以的話去試穿比較準', 'ipdatetime': '02/17 02:14'}, {'type': '→', 'user': 'imfox', 'content': '建議去門市試穿，自己也是大D小E試穿覺得副乳不夠包覆，因', 'ipdatetime': '02/21 00:26'}, {'type': '→', 'user': 'imfox', 'content': '強調集中，覺得乳溝集中的不好看，畢竟無鋼圈很看版型胸型', 'ipdatetime': '02/21 00:28'}]",2,0,4
12,[問題] 上緣翹翹的,2022-02-05 16:45:57,"先祝各位新年快樂~~~

內衣上緣微微的外翻 穿衣服都會有內衣痕
覺得不太雅觀@@
板上有人問一樣的問題
雖然照著那篇的推文做了 但還是沒有改善QQ
不曉得還有沒有什麼好辦法呢？
謝謝各位",問題,underwear,M.1644050759.A.91C,shots (LMFAO),(臺灣),5,"[{'type': '推', 'user': 'thefirstskyt', 'content': '換內衣 跟版型有關', 'ipdatetime': '02/05 22:09'}, {'type': '→', 'user': 'higoodman', 'content': '會翹的放著冬天衣服比較多層時再穿，先換適合的', 'ipdatetime': '02/06 10:12'}, {'type': '→', 'user': 'hsnufuji', 'content': '那不就是變形要淘汰了嗎', 'ipdatetime': '02/06 15:21'}, {'type': '推', 'user': 'AIR28P', 'content': '我也覺得是版型問題！', 'ipdatetime': '02/07 12:04'}, {'type': '→', 'user': 'AIR28P', 'content': '如果每一件都是這樣，會不會是太用力洗內衣導致？', 'ipdatetime': '02/07 12:05'}]",2,0,3
13,[贈送] Easy Shop 無鋼圈內衣70D,2022-02-03 10:29:28,"<a href=""https://i.imgur.com/SOFv3em.jpg"" rel=""noreferrer noopener nofollow"" target=""_blank"">https://i.imgur.com/SOFv3em.jpg</a>

皆為三排三段扣

因穿不習慣故希望能轉贈給有需要的人：）

請來信出示穿著尺寸證明以及想索取的內衣

若來信眾多則恕不一一回信

寄送方式限全家店到店，需自行支付$60運費",贈送,underwear,M.1643855370.A.C33,claireiro69 (Clara),(臺灣),0,[],0,0,0
14,Fw: [情報] 台北松江路曼黛瑪璉內衣特賣~2件900元,2022-02-03 00:48:13,"
作者: sisy1017 (西西) 看板: Actuary
標題: [情報] 台北松江路曼黛瑪璉內衣特賣~2件900元
時間: Thu Feb  3 00:47:15 2022

是否為店家分享文：是


店        家：曼黛瑪璉內衣


日 期／時 間：即日起~111/2/28 11：00~21：00


地        點：台北市中山區松江路187號（捷運行天宮站1號出口）


來源 or 網址：<a href=""https://reurl.cc/rQvknE"" rel=""noreferrer noopener nofollow"" target=""_blank"">https://reurl.cc/rQvknE</a>


內容 or 商品：

<a href=""https://pic.pimg.tw/sisy1017/1642077400-4249507505-g_n.jpg"" rel=""noreferrer noopener nofollow"" target=""_blank"">https://pic.pimg.tw/sisy1017/1642077400-4249507505-g_n.jpg</a>

<a href=""https://pic.pimg.tw/sisy1017/1632627239-3041132372-g.jpg"" rel=""noreferrer noopener nofollow"" target=""_blank"">https://pic.pimg.tw/sisy1017/1632627239-3041132372-g.jpg</a>

<a href=""https://pic.pimg.tw/sisy1017/1642087380-2708514692-g.jpg"" rel=""noreferrer noopener nofollow"" target=""_blank"">https://pic.pimg.tw/sisy1017/1642087380-2708514692-g.jpg</a>

<a href=""https://pic.pimg.tw/sisy1017/1643792947-149728457-g.jpg"" rel=""noreferrer noopener nofollow"" target=""_blank"">https://pic.pimg.tw/sisy1017/1643792947-149728457-g.jpg</a>

曼黛瑪璉內衣特賣來囉！

Hibra、雙弧、無鋼圈內衣特價2件900元、小褲6件1000元！

暢銷組內衣1套960元、2套1680元！

熱賣組正品降價2套2080元，

新上市運動內衣、當季正品8折，滿萬75折！

滿額再送好禮！

也可用紙本五倍券！",情報,underwear,M.1643820494.A.7A0,sisy1017 (西西),(臺灣),0,[],0,0,0
15,[贈送] 束褲,2022-01-30 00:50:34,"
已剪標下水的未穿束褲
記得是百貨公司華歌爾貨
為了節食買的
卻一直想等下次再節食
到後來已穿不下就放著
過年清衣櫃
腰圍27公分
<a href=""https://i.imgur.com/rhLpQak.jpg"" rel=""noreferrer noopener nofollow"" target=""_blank"">https://i.imgur.com/rhLpQak.jpg</a>

<a href=""https://i.imgur.com/pt45166.jpg"" rel=""noreferrer noopener nofollow"" target=""_blank"">https://i.imgur.com/pt45166.jpg</a>

7-11店到店60贈送",贈送,underwear,M.1643475036.A.AEC,SophiaH (Sophia),(臺灣),3,"[{'type': '推', 'user': 'ie975249', 'content': '推好心，雖然是華歌爾，不過看起來像是思薇爾', 'ipdatetime': '01/31 02:27'}, {'type': '→', 'user': 'SophiaH', 'content': '不是喔, 可能因為我拆了腰圍頂端的蝴蝶珠飾 拿去做別的', 'ipdatetime': '01/31 08:53'}, {'type': '→', 'user': 'SophiaH', 'content': '手作', 'ipdatetime': '01/31 08:54'}]",1,0,2
16,[心得] aubade數套分享及馬甲修改資訊,2022-01-29 23:53:34,"內衣品牌：aubade

品名或型號：
1.aubade 激情夜曲
2.aubade 傾心
3. aubade 激情女人
4.aubade 夏日浪漫

前情提要：
數年前踏入無襯內衣懷抱後，就再也穿不回有襯內衣了
版上熱推的Chantelle、Simone P廨鋩e、Passionata、Chantal Thomass都曾跟風買過
其中，最喜歡的是Simone P廨鋩e
雖然它的設計素雅大方、無特別出挑的刺繡配色
但材質的舒適度卻是其他家無法比的
特別親膚柔軟，缺點是較不耐穿容易鬆
瘦身成功後
覺得胸部脂肪不夠豐滿穿Simone P廨鋩e顯得不夠挺
這次目光被aubade吸引
在百貨公司試穿了傾心1/2杯無襯款式
被那精緻刺繡圖案整個收服了
而且蕾絲比較硬挺、顯得胸部線條更為飽滿
但是百貨的價格實在讓人無法下手
碰巧，p大分享了台中新光三越aubade特賣會資訊
收了激情夜曲、浪漫的女人兩套
後又遇到k大分享的Aubade年度特賣會
忍不住又跟朋友衝了
一踏進特賣會，一眼就瞧上了掛在牆上每日一物－激情夜曲馬甲
銷售小姐很熱情，說剛好是我的替代尺碼
很多人想要都無法穿，要我千萬別錯過了
剛好我在上一場特賣會買了該款配褲
就這樣990元入手了原價一萬初的馬甲

本人資訊：各品牌無襯內衣都穿85Ｃ/XS配褲

以下有試穿照 、防雷





















………………………………………………………………………………………………………
………………………………………

1.激情夜曲馬甲90B/XS三角配褲
   試穿心得：
   罩杯部分是剛好的，可以裝滿。但是扣至最裡格，馬甲的腰身部份卻非常寬鬆。
   在試穿間隨手拍的照片有點糊請見諒：
   <a href=""https://imgur.com/a/oZMqqj8.jpg"" rel=""noreferrer noopener nofollow"" target=""_blank"">https://imgur.com/a/oZMqqj8.jpg</a>
   因為要修改的部份不少，門市小姐也無法確定是否能順利改好
   推薦一間合作的修改師傅，要我直接前去給師傅看看怎麽改較合適
   師傅看了後，說一般都從兩側改
   但這件馬甲腰側下方都是蕾絲（下圖綠框處）
   <a href=""https://imgur.com/a/Ru6VuQQ.jpg"" rel=""noreferrer noopener nofollow"" target=""_blank"">https://imgur.com/a/Ru6VuQQ.jpg</a>
   若這樣改了就無法對花，相當可惜
   建議從後面扣子部分改，只是這樣修改幅度不能太多
   不然布料會皺縮，無法平整
   馬甲都買了，也只能嘗試修改看看囉
   為了穿脫方便，請師傅直接把三排扣給改為拉鍊
   隔一週去取，雖然還是有點寬鬆
   但已經可以穿搭在衣服裡不會向外衣一樣垮垮地
   <a href=""https://imgur.com/a/dz2623D.jpg"" rel=""noreferrer noopener nofollow"" target=""_blank"">https://imgur.com/a/dz2623D.jpg</a>
   背後黑色拉鍊很隱形、因為不是很緊身所以可以反手拉上拉鍊很方便
   <a href=""https://imgur.com/a/vSBbvMv.jpg"" rel=""noreferrer noopener nofollow"" target=""_blank"">https://imgur.com/a/vSBbvMv.jpg</a>
   搭上同款配褲
   <a href=""https://imgur.com/a/ooW6vLC.jpg"" rel=""noreferrer noopener nofollow"" target=""_blank"">https://imgur.com/a/ooW6vLC.jpg</a>
   背面長這樣，可以看出腰身部分有修改內縮
   <a href=""https://imgur.com/a/nGnIjQD.jpg"" rel=""noreferrer noopener nofollow"" target=""_blank"">https://imgur.com/a/nGnIjQD.jpg</a>
   修改費用共250元＋990元共1240元
   馬甲牌價12800，不到一折就入手，覺得非常值得
   只是吊帶不可拆，平常也不會穿大腿襪
   不知道大家會想剪掉還是就這樣掛著？

２. 傾心無襯內衣85C/XS三角配褲
   在百貨試穿後念念不忘
   但DD網站偏偏沒有XS配褲
   有事沒事一直狂刷網站，終於12月中補貨了
   12/20下單，選擇最便宜的郵政
   今年01/12就收到囉
   外面是紙箱，內裡是品牌小盒裝
   <a href=""https://imgur.com/a/MUiVSrq.jpg"" rel=""noreferrer noopener nofollow"" target=""_blank"">https://imgur.com/a/MUiVSrq.jpg</a>
   實物照
   <a href=""https://imgur.com/a/I3X5hsm.jpg"" rel=""noreferrer noopener nofollow"" target=""_blank"">https://imgur.com/a/I3X5hsm.jpg</a>
   令人一見傾心的精美刺繡、非常華麗唯美
   <a href=""https://imgur.com/a/ByzyaFx.jpg"" rel=""noreferrer noopener nofollow"" target=""_blank"">https://imgur.com/a/ByzyaFx.jpg</a>
   背部有可拆的裝飾、搭配露背裝會很吸睛
   <a href=""https://imgur.com/a/ILmRGv5"" rel=""noreferrer noopener nofollow"" target=""_blank"">https://imgur.com/a/ILmRGv5</a>
   拍不出實品的美，借用官網模特照給大家欣賞
   <a href=""https://imgur.com/a/h4SiTo9.jpg"" rel=""noreferrer noopener nofollow"" target=""_blank"">https://imgur.com/a/h4SiTo9.jpg</a>
 <a href=""https://imgur.com/a/b0fJJOL.jpg"" rel=""noreferrer noopener nofollow"" target=""_blank"">https://imgur.com/a/b0fJJOL.jpg</a>

3.激情女人蕾絲薄襯內衣85C /XS蕾絲平口褲
   跟上一套一樣在DD網站購入
   原本是為了分攤國際運費買的
   但實際試穿後卻非常襯膚、讓人驚艷
   剛好友人想看實穿照就隨手拍了幾張
   <a href=""https://imgur.com/a/bHYBo6l.jpg"" rel=""noreferrer noopener nofollow"" target=""_blank"">https://imgur.com/a/bHYBo6l.jpg</a>
   aubade的剪裁特別適合我這樣上胸無肉的人
   修飾的渾圓飽滿、完全不會空杯
   <a href=""https://imgur.com/a/DAUdUtS.jpg"" rel=""noreferrer noopener nofollow"" target=""_blank"">https://imgur.com/a/DAUdUtS.jpg</a>
   美中不足的是配褲後面縫線處太突出（紅框處）、穿起來有點癢
   <a href=""https://imgur.com/a/T5aFp47.jpg"" rel=""noreferrer noopener nofollow"" target=""_blank"">https://imgur.com/a/T5aFp47.jpg</a>
   但還是不減我對他的喜愛（眼冒愛心）

４.夏日浪漫薄襯1/2罩杯85C/XS蕾絲三角褲
   aubade年度特賣３套３折購入
   成套控難得在特賣會可以找到配褲，一定要入手
   膚色底搭上亮麗的紫紅色、非常有春天絢麗的感覺
   <a href=""https://imgur.com/a/h73dw4q.jpg"" rel=""noreferrer noopener nofollow"" target=""_blank"">https://imgur.com/a/h73dw4q.jpg</a>
   瞧瞧配褲背面那繁花似錦的刺繡、還有招牌小蝶結
   <a href=""https://imgur.com/a/sCwoFXf.jpg"" rel=""noreferrer noopener nofollow"" target=""_blank"">https://imgur.com/a/sCwoFXf.jpg</a>
   正面有著A牌常見的交叉緞帶
   <a href=""https://imgur.com/a/qYgZnhm.jpg"" rel=""noreferrer noopener nofollow"" target=""_blank"">https://imgur.com/a/qYgZnhm.jpg</a>
   配褲半透膚顯得很性感
   <a href=""https://imgur.com/a/1wOluB3.jpg"" rel=""noreferrer noopener nofollow"" target=""_blank"">https://imgur.com/a/1wOluB3.jpg</a>

結尾：
1.價位
特賣會３件３折、DD網站５折購入
夏日浪漫成套是2988元
傾心成套折合台幣（運費兩套均攤）2833元是台灣定價2.23折
激情女人成套折合台幣（運費兩套均攤）2465元是台灣定價2.2折
相較之下，DD網站五折有自己尺碼是非常值得入手的
不過，特賣會每日一物990元馬甲更是低於１折
所以台灣特賣會時間地點允許的話還是很推薦去淘寶

2.舒適度
aubade相較之前慣穿的Simone P廨鋩e更硬挺
網紗部分的親膚柔軟度沒那麼好
有些縫線過粗的地方也會顯得略微刺癢
繁複的刺繡雖然美但也更容易有搔癢感（很輕微幾乎不影響）

3.美觀度
1/2無襯部分：
aubade跟Chantelle一樣，穿起來都顯得渾圓立體、不擠肉也不空杯（兩品牌都穿同樣尺
碼）
水滴杯部分：
aubade貼合胸型不會空杯，但Simone P廨鋩e水滴杯則會有點空（兩品牌都穿同樣尺碼）
A牌刺繡最多樣、配色大膽活潑更合我胃口


以上分享給還不熟悉aubade的人參考，去了兩次Ａ牌特賣會都不如他牌特賣會人潮眾多
尺寸部分建議還是先到百貨試穿，大部分特賣會都是不能試穿的
若需要馬甲修改師傅聯絡方式歡迎站內信～",心得,underwear,M.1643471616.A.FC1,yzzi1159 (yzzi1159),(臺灣),6,"[{'type': '推', 'user': 'Fantasyweed', 'content': '馬甲好美啊啊啊！！！！！！', 'ipdatetime': '01/30 00:49'}, {'type': '推', 'user': 'Obiwan', 'content': '原來是你買走馬甲的，真羨慕！我們去的時候已經賣掉了', 'ipdatetime': '01/30 13:12'}, {'type': '推', 'user': 'Jyang', 'content': '感謝分享，很性感，這戰鬥服無誤啊！', 'ipdatetime': '01/30 13:20'}, {'type': '推', 'user': 'riesz0505', 'content': '上胸無肉很挑內衣QQ 妳穿起來都好好看，有燒～', 'ipdatetime': '01/31 07:52'}, {'type': '→', 'user': 'a127871465', 'content': '馬甲那個當初在DD買真的是貴...', 'ipdatetime': '02/03 00:32'}, {'type': '推', 'user': 'diablohinet', 'content': '好看推', 'ipdatetime': '02/12 06:59'}]",5,0,1
17,[贈送] 薄蕾絲75D內衣一件,2022-01-27 21:19:47,"同款買了兩色，
覺得還是喜歡薄杯內衣，
故釋出全新灰紫色一件，
久放不影響，狀況如圖

<a href=""https://i.imgur.com/gPuEn2K.jpg"" rel=""noreferrer noopener nofollow"" target=""_blank"">https://i.imgur.com/gPuEn2K.jpg</a>
<a href=""https://i.imgur.com/8WWaedK.jpg"" rel=""noreferrer noopener nofollow"" target=""_blank"">https://i.imgur.com/8WWaedK.jpg</a>

僅試穿未下水寄出前會剪標，
需自行負擔全家店到店運費。
來信索取請附上女性證明及內衣尺寸證明。




*已贈出",贈送,underwear,M.1643289589.A.1B0,DollyPig (˙3 ˙),(臺灣),0,[],0,0,0
18,[心得]  紅紅褲pro心得,2022-01-25 14:47:47,"內褲品牌：Khò  o
品名或型號：紅紅褲Pro超吸收中腰 黑色
 
心得：
目前穿了一次經期，分別是第二天跟第四天的時候穿
看官網說最高吸收量達60ml，相當於5片日用+1片夜用衛生棉
所以我就很大膽的在量最多的第二天穿
 
一整天下來睡覺翻滾、做瑜珈、整理房間都沒有漏
底褲的布料能夠看見吸收的狀況，如果量太多就可以換一件
 
Pro版的吸血區塊的貼合度做的還不錯，吸血後不會鼓鼓的
整體布料也蠻舒適的，比一開始的紅紅褲好穿太多
 
這是收到貨後打開來的實拍圖
 
正面
<a href=""https://i.imgur.com/Mr3t9B2.jpg"" rel=""noreferrer noopener nofollow"" target=""_blank"">https://i.imgur.com/Mr3t9B2.jpg</a>
 
背面
<a href=""https://i.imgur.com/IZ644PP.jpg"" rel=""noreferrer noopener nofollow"" target=""_blank"">https://i.imgur.com/IZ644PP.jpg</a>
 
吸血區的布料是蜂巢式的，吸血的瞬間看得到
這裡同時也有做銀離子的抗菌材質
側面加寬的地方有些微反光的部分是防水布料，能防側漏
實測側睡沒有露出半點經血
<a href=""https://i.imgur.com/HWQ4F2v.jpg"" rel=""noreferrer noopener nofollow"" target=""_blank"">https://i.imgur.com/HWQ4F2v.jpg</a>
 
 
 
這是實穿圖
<a href=""https://i.imgur.com/9DTXbJj.jpg"" rel=""noreferrer noopener nofollow"" target=""_blank"">https://i.imgur.com/9DTXbJj.jpg</a>
 
總結：
這次的嘗試我覺得蠻成功的，尤其是舒適度有讓我驚艷到
不喜歡衛生棉或害怕棉條的人也可以嘗試看看
目前打算再入手一件夜用跟日用的來搭配度過整個經期
以上是我的分享",心得,underwear,M.1643093269.A.924,nita1228 (qpaz86512),(臺灣),14,"[{'type': '→', 'user': 'queen0908', 'content': '想問穿起來會悶熱嗎?', 'ipdatetime': '01/25 15:51'}, {'type': '推', 'user': 'fleurdumal', 'content': '請問容易卡屁嗎 目前穿月亮褲頗卡屁很煩', 'ipdatetime': '01/26 10:20'}, {'type': '推', 'user': 'love91041', 'content': '也想請問量多時會感覺得到褲底濕濕的嗎？我也是用月亮', 'ipdatetime': '01/26 15:35'}, {'type': '→', 'user': 'love91041', 'content': '褲都會覺得濕濕的不太舒服', 'ipdatetime': '01/26 15:36'}, {'type': '推', 'user': 'e8242002', 'content': '我是收到信有回購優惠所以也有入，看到這次的改良讓我', 'ipdatetime': '01/26 18:34'}, {'type': '→', 'user': 'e8242002', 'content': '好感動，之前提的意見真的被採納了', 'ipdatetime': '01/26 18:34'}, {'type': '推', 'user': 'emilyang', 'content': '有這個好像就不用一直買棉棉了！', 'ipdatetime': '01/27 11:48'}, {'type': '→', 'user': 'mavis825', 'content': '經血塊的部分呢？吸收狀況如何？', 'ipdatetime': '01/27 14:14'}, {'type': '推', 'user': 'sleepdesign', 'content': '2、3好愛><', 'ipdatetime': '01/27 14:52'}, {'type': '→', 'user': 'sleepdesign', 'content': '走錯篇XD', 'ipdatetime': '01/27 14:52'}, {'type': '推', 'user': 'mavis825', 'content': '還是謝謝妳的分享：）', 'ipdatetime': '01/27 19:18'}, {'type': '→', 'user': 'j20110405', 'content': '我沒穿過，不過聽說血塊的部分還是要自己用衛生紙擦掉', 'ipdatetime': '01/28 13:20'}, {'type': '推', 'user': 'love91041', 'content': '哇嗚感覺不錯有點心動，但月亮褲才買沒多久QQ', 'ipdatetime': '01/28 16:09'}, {'type': '→', 'user': 'love91041', 'content': '不知道有沒有人兩個牌子都穿過的能分享比較心得> <', 'ipdatetime': '01/28 16:10'}]",7,0,7
19,[心得] Salute貝殼杯vs.Aubade版型,2022-01-22 00:45:57,"平常慣穿Aubade / Chantelle等法國牌內衣，
可能是胸距寬、底盤大、偏尖杯這幾個條件組合之下，
從開始穿內衣的年紀就跟國產牌八字不合。

當有能力之後就投奔dessus dessous的懷抱了（笑
（題外話，穿來穿去還是最喜歡Aubade...
其他牌子如Simone Perele, Lise Charmel都好容易鬆QQ）


進入正題，
今天難得試穿到合胸型的日系內衣：蕾絲超美的Salute貝殼杯！！
（恕無實穿照）

<a href=""https://imgur.com/MT4si14"" rel=""noreferrer noopener nofollow"" target=""_blank"">https://imgur.com/MT4si14</a>

不穿則已一穿上身，
那個造胸神力簡直不科學啊！

完全不勒，完全不需要擠肉！！

弧度自然且立體，一向事業心不重的本人都醉了.....


蕾絲布料摸起來超軟、舒適度滿分，日本製，遇到五折2080二話不說就收了。

這件拿的尺寸是34F，跟慣穿的歐系內衣尺碼差了整整一個杯


趁機曬一波Aubade

無襯 Aubade - Half cup bra Fièvre Andalouse Bohemian 34E
<a href=""https://imgur.com/YK52ucd"" rel=""noreferrer noopener nofollow"" target=""_blank"">https://imgur.com/YK52ucd</a>
穿這件下胸圍略略緊但還在舒適範圍，上胸圍裝得剛剛好，脅邊不會溢出肉


有襯 AUBADE soutien-gorge corbeille 34E
<a href=""https://imgur.com/2nG4XKt"" rel=""noreferrer noopener nofollow"" target=""_blank"">https://imgur.com/2nG4XKt</a>
穿這件下胸圍很舒適，上胸圍微ㄌ尢


最後，
希望台灣能多進一些Salute貝殼杯的剪裁啊。。。",心得,underwear,M.1642783559.A.347,metaphorist (諾黑),(臺灣),12,"[{'type': '推', 'user': 'tooru', 'content': '我去年7月去Salute，聽櫃姐說之後台灣可能不太會進貝殼杯系', 'ipdatetime': '01/22 00:57'}, {'type': '→', 'user': 'tooru', 'content': '列。所以現在還有嗎？我也愛貝殼杯～', 'ipdatetime': '01/22 00:57'}, {'type': '推', 'user': 'Fantasyweed', 'content': '好美～～～你的口吻害我大笑XDDDDDDDD', 'ipdatetime': '01/22 09:47'}, {'type': '推', 'user': 'blockhorse66', 'content': '貝殼好看', 'ipdatetime': '01/22 13:30'}, {'type': '推', 'user': 'justin61417', 'content': '貝殼杯很漂亮！', 'ipdatetime': '01/22 13:40'}, {'type': '推', 'user': 'yoyoshian', 'content': '推貝殼杯！我也很愛', 'ipdatetime': '01/22 23:46'}, {'type': '推', 'user': 'sukiyasuki', 'content': '我愛死貝殼杯了！效果非常非常好。目前已買了三件，', 'ipdatetime': '01/23 22:12'}, {'type': '→', 'user': 'sukiyasuki', 'content': '之後要繼續買！', 'ipdatetime': '01/23 22:12'}, {'type': '推', 'user': 'paullintnn', 'content': '喜歡salute貝殼杯的話可以考慮日本樂天直購', 'ipdatetime': '01/23 23:14'}, {'type': '推', 'user': 'sodahaini', 'content': '好美啊', 'ipdatetime': '01/24 15:12'}, {'type': '→', 'user': 'sleepdesign', 'content': '2、3好好看~', 'ipdatetime': '01/27 14:53'}, {'type': '推', 'user': 'cin826', 'content': '我也很愛貝殼杯，不壓迫肋骨', 'ipdatetime': '02/12 14:24'}]",9,0,3
20,Fw: [情報] 台北曼黛瑪璉內衣特賣~內衣2件900元,2022-01-14 00:17:53,"
作者: sisy1017 (西西) 看板: Actuary
標題: [情報] 台北曼黛瑪璉內衣特賣~內衣2件900元
時間: Fri Jan 14 00:17:40 2022

是否為店家分享文：是


店        家：曼黛瑪璉內衣特賣會


日 期／時 間：即日起~111/2/9（1/31~2/2休息） 11：00~21：00


地        點：台北市大安區信義路三段150之1號1樓（捷運大安站3號出口）


來源 or 網址：<a href=""https://reurl.cc/bknv4r"" rel=""noreferrer noopener nofollow"" target=""_blank"">https://reurl.cc/bknv4r</a>


內容 or 商品：

<a href=""https://pic.pimg.tw/sisy1017/1642077400-4249507505-g_n.jpg"" rel=""noreferrer noopener nofollow"" target=""_blank"">https://pic.pimg.tw/sisy1017/1642077400-4249507505-g_n.jpg</a>

<a href=""https://pic.pimg.tw/sisy1017/1642087380-2708514692-g.jpg"" rel=""noreferrer noopener nofollow"" target=""_blank"">https://pic.pimg.tw/sisy1017/1642087380-2708514692-g.jpg</a>

<a href=""https://pic.pimg.tw/sisy1017/1640313427-1379600278-g.jpg"" rel=""noreferrer noopener nofollow"" target=""_blank"">https://pic.pimg.tw/sisy1017/1640313427-1379600278-g.jpg</a>

<a href=""https://pic.pimg.tw/sisy1017/1625810404-670469615-g.jpg"" rel=""noreferrer noopener nofollow"" target=""_blank"">https://pic.pimg.tw/sisy1017/1625810404-670469615-g.jpg</a>

曼黛瑪璉內衣特賣來囉！

Hibra、雙弧、無鋼圈內衣特價2件900元、小褲6件1000元！

暢銷組內衣1套960元、2套1680元！

熱賣組正品降價2套2080元4套4000元！

新上市運動內衣、當季正品8折，滿萬75折！

滿額再送好禮！

現場還有泳衣、睡衣290元起，

也可用紙本五倍券！

滿3800送800，滿5000送1000哦！",情報,underwear,M.1642090674.A.6AB,sisy1017 (西西),(臺灣),0,[],0,0,0
